vert_offset_X0,horiz_offset_X0,amplitude_X0,temperature_X0,Run,vert_offset_Xfit,horiz_offset_Xfit,amplitude_Xfit,temperature_Xfit,NegLogLik,Fold
0.745382902780886,29.7191680939365,0.118703418934572,0.187011110817606,1,0.675557578341224,95.6644042814362,0.169060704579712,1.05626238420327,963.560499084153,1
0.850520478097515,77.3427712295152,0.496749155791512,0.776602289468324,2,0.675501960839498,95.6644101227629,0.16900715086458,1.05659803759594,963.560499084153,1
0.703919313956629,-139.692252402885,0.160091803778434,1.52760291574178,3,0.637701456981189,-140.022238669364,4.33847428956251e-09,1.3257440902511,974.530491868295,1
0.927463532780972,89.1754457288419,0.131031969773733,0.0358605492392279,4,0.662975059629873,95.6646536243809,0.156943990593455,1.13781111163295,963.56049908411,1
0.660208339825258,-78.6797992648776,0.463221834640354,0.0478046596660248,5,0.826864040724234,-78.8061557523566,5.83241873067855e-09,0.558510112059028,974.530491868293,1
0.546239648138698,81.1303285642869,0.0777996229238716,2.43072679648368,6,0.675443592181897,95.6644382417382,0.16895095941644,1.05694897639583,963.560499084118,1
0.85137616302363,-144.074226525062,0.35732045468592,1.01826266819962,7,0.734767567084236,-144.36979615318,8.34795546051363e-09,0.777606910686156,974.530491868297,1
0.929569045359936,-153.131802512293,0.313976036597173,0.878552775131102,8,0.753251083404354,-151.938049547377,1.18047954133717e-08,0.720853323422576,974.5304918683,1
0.726565094920294,23.6784613415047,0.413377024886416,1.07176448306767,9,0.673930951164209,95.6643871292564,0.167495035033655,1.06614260773996,963.560499084579,1
0.77027925810335,-148.126321442733,0.453374266390383,2.37164126897439,10,0.761272158080051,-147.160122676431,5.0801817815281e-08,0.698722999290091,974.530493468303,1
0.869641196733229,-103.527926853812,0.236960539645143,0.777385141919471,11,0.918799318479332,-103.678047456509,3.94157218087812e-08,0.435905466457975,974.530493468298,1
0.54189952927326,177.818905374301,0.24574553777677,1.24555658845437,12,0.675689131985264,95.6645528424913,0.169187438798658,1.05547195758807,963.560499084074,1
0.513782572727692,-129.031785257683,0.281831849831294,0.223543738792427,13,0.891708594824226,-129.144433981382,9.80610045654653e-09,0.466052708662064,974.530491868299,1
0.640028629554295,-106.365805531551,0.0841989643271582,1.71961136717774,14,0.612485565622435,-106.435591808244,1.07786873016003e-08,1.62293636339399,974.530493467825,1
0.583110229063837,79.9171810574704,0.421868995029856,4.20767767062422,15,0.643571593099472,95.6644524702092,0.138258488261761,1.29158523064634,963.560499084108,1
0.625208438478995,18.8234542740266,0.0429586832066642,0.658006819468316,16,0.676260046189341,95.6645564736228,0.169737335788686,1.05205286089371,963.560499084075,1
0.87619257823497,130.086538273092,0.494321701308873,0.255566312070705,17,0.636801745547029,95.6645030478957,0.131739112307779,1.3555014184103,963.560499084082,1
0.686075841798545,-26.5748282241878,0.315156855968175,0.189407444885623,18,0.874247164736491,-26.4820294052583,4.99678269546868e-08,0.487797651515903,974.530493068275,1
0.787534405243746,-82.5632861782057,0.331762868539152,0.369370934835756,19,0.817837391700583,-82.5576727622613,1.12954665267595e-09,0.574372136647099,974.530491548298,1
0.835269446795602,-38.099823655367,0.0977371355951301,1.50366268532498,20,0.859430989933137,-39.891436887228,4.47082734394929e-08,0.5079051612327,974.530493468304,1
0.838826354822698,77.0053981331494,0.391282696141212,1.50706893873395,1,0.677700984533731,108.151215537058,0.169506174908694,1.32873888724448,943.922393339154,2
0.505881970580794,131.821344090152,0.259672449124702,3.88754699442651,2,0.675329000792433,108.151091673963,0.167243545140992,1.34671510648454,943.922393339163,2
0.664494150950222,139.154679342546,0.181040015735101,0.399947749629315,3,0.679686942767344,108.151177374508,0.171400774314124,1.31405265879053,943.922393339154,2
0.779880704031326,-13.5292665586969,0.322746676266273,3.00879676833724,4,0.866134631258313,-12.1753192932223,8.29180415071603e-09,0.629221999059803,960.908694928072,2
0.991734225294172,-51.7532101632481,0.416121124183393,0.266539322271749,5,0.868294939016461,-51.3997043879235,8.98951388417693e-08,0.625530942978016,960.908702528199,2
0.769232243479553,116.320554124215,0.248336915915346,0.286741239137897,6,0.717248095789413,108.150994598532,0.207229730983879,1.08685966580504,943.922393339285,2
0.786185087967538,12.4613327689446,0.326237847541234,1.92537629117119,7,0.723484775974301,13.3740441772358,3.06862972173009e-08,1.03085314837551,960.908694928072,2
0.864361383396144,-84.2249611450983,0.484539956154324,2.84272945593864,8,0.814210766705631,-84.483949767397,1.84108216724013e-08,0.733202208782262,960.908696528074,2
0.774917046539192,-13.2016822094616,0.0784703457101776,1.54930951162399,9,0.62556949582487,-12.8163682262192,1.39527570422103e-08,1.8346813441069,960.908696528073,2
0.622714738312383,179.042619365081,0.433929613491049,1.15974195530376,10,0.678596712238177,108.151064126731,0.170360601026701,1.32207491590289,943.922393339184,2
0.839790513598197,-168.437851111518,0.247668234011897,0.0430905694995983,11,0.724267262693497,-179.999954179139,0.0673341229603978,1.02968241899462,959.269977251388,2
0.806577296071432,-52.8370640351937,0.420965761352195,0.303301776054939,12,0.844813305281879,-52.5673961880285,4.17724996987971e-09,0.668129529639025,960.908694928072,2
0.574300847107126,-109.043597227938,0.180516252002022,1.25473561209577,13,0.920282504455874,-109.151727757663,3.02367090416416e-08,0.54815516270351,960.908696529901,2
0.943159034585283,143.104002246653,0.391622578470843,0.399328105411496,14,0.67892450796955,108.15111560197,0.170673255638479,1.319652825362,943.922393339147,2
0.883489461628271,-36.0035290496365,0.267179813474491,1.09737105935159,15,0.77871792031957,-36.6270396562129,1.95141664692322e-10,0.826570435511365,960.90869454808,2
0.578659739844421,137.925009799535,0.119246666325619,1.57796896516227,16,0.640046097829354,108.151185554887,0.133587824800014,1.6860034233539,943.922393339141,2
0.528682165529351,-34.0211408062638,0.104530301473682,1.01817409980707,17,0.960457297598754,-33.8067210188311,3.34279855282923e-08,0.500328468741125,960.908696528067,2
0.583205965725613,39.6658742304211,0.428293027525971,0.639849744861309,18,0.679315185752638,108.151008036038,0.171045929682219,1.31677786274175,943.922393339257,2
0.786090630375395,-49.1160703153436,0.174299980433688,4.66539009325463,19,0.921403868898649,-47.9903178067652,2.63763369354159e-08,0.546696501277277,960.908696530455,2
0.62118671077169,-173.182723983891,0.447700463502992,1.55832369323708,20,0.738282994683538,-179.999816716954,0.0715417964922863,0.969116970039409,959.270001251239,2
0.988286808911148,-26.2111225839144,0.496404453054073,0.224604950222943,1,0.837331782033451,-28.3101096975152,5.21527975317399e-08,0.644004561468463,964.937190315004,3
0.844372178420026,-59.7833078999701,0.371540011013793,1.30833438278695,2,0.757445639399248,-59.6596708380307,5.0934873267328e-09,0.84384055145784,964.937189114925,3
0.629189679311083,109.491332281997,0.168848347770543,1.83960781195645,3,0.696648983085874,87.012949448289,0.145851626726292,1.11921256821408,955.877854988664,3
0.680678737162898,-21.4954273925379,0.239868540373063,0.496218309359569,4,0.840479385833832,-21.2533750234584,8.97865971767415e-08,0.638050781210955,964.937190714909,3
0.684306762762685,102.681483008408,0.0363876705660744,0.470217899231743,5,0.683473299851717,87.0132006188592,0.136079230710347,1.19958650677529,955.877854988675,3
0.745681272944646,153.363106735629,0.272519554250533,0.239313218910577,6,0.640534226224163,87.0130884437368,0.104232067496269,1.56610953794556,955.877854988621,3
0.873180115786084,176.936344965362,0.26213537996429,1.03207336633452,7,0.652306603343311,87.0130365811147,0.112963506440149,1.44505883992895,955.877854988624,3
0.624684854180297,-117.142470794189,0.366830721398943,0.22510837652011,8,0.831372774618078,-116.844005250223,1.19792775712127e-07,0.655584598573561,964.937196714802,3
0.596021036135253,27.3570331736703,0.37880351282054,0.147540809205197,9,0.697003001971437,87.013144679377,0.146114151424564,1.11720122525692,955.877854988637,3
0.904860090001438,130.776278405288,0.182283731767812,0.899915471042563,10,0.696189955110044,87.0129613766295,0.14551104364594,1.12183148276826,955.877854988656,3
0.729024009095777,-33.7577206138256,0.136896454807178,1.23272835338928,11,0.813261763052507,-33.3614647928828,1.02414035687932e-08,0.693487579542389,964.937189114925,3
0.955380271652747,173.810365556194,0.441317834174042,3.65161359388146,12,0.693529261662884,87.013160279586,0.14353781064856,1.13725425436709,955.877854988648,3
0.959547259837813,111.754106891973,0.0669964295167821,0.205053062427906,13,0.655935604518385,87.0130936591231,0.11565500653228,1.41142896266666,955.877854988622,3
0.736172672434544,24.5693462516848,0.335477596993888,1.21764223527875,14,0.646284969132598,87.0129181561112,0.10849738918247,1.50454344365635,955.8778549887,3
0.838549706232037,57.6410270865194,0.0173386063996216,0.59523366221324,15,0.697217289959915,87.0130921349256,0.146273079068685,1.11598707109951,955.877854988623,3
0.764165172159847,-81.7007671517211,0.21213170782949,0.478584286118594,16,0.837509748831807,-81.6603154805895,5.69027000363031e-09,0.643664193365748,964.937189114958,3
0.873804967864654,-123.156568616693,0.425988578015895,0.550741686760849,17,0.930065251114334,-123.186067297675,8.22585475704144e-09,0.505139889554652,964.937189114924,3
0.975992222134785,36.2769782264054,0.143826291161407,0.318094345064963,18,0.639573946318781,87.0128840455223,0.103519812876399,1.57688483187641,955.877854988718,3
0.717276488577168,-171.025385867105,0.449411272479958,2.89138194338,19,0.750006824239827,-169.937296689606,9.15181278644352e-08,0.868948920768658,964.937190714909,3
0.835788019428316,-44.9828838696857,0.0983803384205813,0.835621873758192,20,0.90199786556947,-44.7416859008158,4.98954684236631e-08,0.540408652965673,964.937190714931,3
0.970004698127924,-172.378277318372,0.46949115878726,0.158206898626174,1,0.749420783616086,-179.999934840671,0.0629623135633685,0.784797440072444,970.282580880771,4
0.512161485766876,-53.0375643168736,0.00628106405845325,2.31437850510768,2,0.677521752904471,-53.0360054980538,3.25499667103459e-09,1.10132473404139,971.12799198543,4
0.546230976304793,38.1017640548277,0.497323210339999,1.19768975942428,3,0.685013532221994,106.727887595526,0.161230480631798,1.07231955927337,960.887310055075,4
0.614675396364297,-45.6290452719026,0.370339280474492,1.32236726406006,4,0.822435112599328,-45.4825122379035,2.50814283283535e-08,0.606351568837408,971.127993185434,4
0.660990153927988,-58.7610279294614,0.147620082677324,1.411438032568,5,0.627514484024841,-58.664717130046,1.1335214488879e-08,1.53323079284904,971.127993585439,4
0.919504520932432,110.589905098232,0.381345030906499,0.774697026463202,6,0.664169195205896,106.728131300742,0.143066041298826,1.20847076937262,960.887310054918,4
0.691750630681743,109.988536641063,0.388521756751668,0.032272114507788,7,0.692572835760247,106.727901989596,0.167818451421946,1.03022620965452,960.88731005503,4
0.868909678300815,-171.786249194033,0.367701820348588,0.346989356687599,8,0.737425326245374,-179.999674199332,0.059934108319007,0.824447357902684,970.282606480922,4
0.568728753782973,29.3525797098988,0.201220821420281,0.643498219968723,9,0.684237344710722,106.727870028017,0.160554630360496,1.0768360579535,960.887310055099,4
0.710969712891647,-176.892625932104,0.421817741468844,0.0564076408947265,10,0.738734979695221,-179.999674201874,0.0602645995874046,0.819925050312531,970.282606480635,4
0.897997528050652,-27.1683118202392,0.0349871359077143,1.08421215741732,11,0.729109821415982,-26.0329719952658,5.80549033009363e-09,0.853342321092846,971.127991985428,4
0.534775048882991,3.66847479475643,0.230150066859355,1.11511941518515,12,0.874116725981649,4.34646550360636,3.00171165497406e-08,0.522588225246615,971.127991985436,4
0.662085782329827,-2.29272875249293,0.126928769361403,0.0781429326923451,13,0.875377989019067,-2.42266247425358,1.96859133164473e-08,0.520832118130413,971.12799198545,4
0.563767842680978,56.8151992374055,0.140611412939436,2.86846632821922,14,0.688342067910006,106.728066558762,0.164131525233836,1.05336876910647,960.887310054906,4
0.709176964119815,35.0982164201834,0.166746766527114,0.184217524230104,15,0.688567690835389,106.728074401155,0.164328190295789,1.05210870994374,960.887310054924,4
0.757202847685134,177.394624717441,0.154377725930739,1.94205139489179,16,0.67942393484081,106.728177976831,0.156359715219115,1.10572545754112,960.887310054903,4
0.775117775610937,46.804704833691,0.302985840872763,1.25804212058387,17,0.636163039208925,106.728131295938,0.118659862202434,1.45702946539497,960.887310054891,4
0.722392569771966,-58.1165109555796,0.327898272173036,1.73081289554026,18,0.709583962629899,-57.9884690974737,3.73788242664895e-09,0.932843724678859,971.127991985431,4
0.543581153513458,84.3953003535462,0.324156988281288,0.685541031082628,19,0.642468607770325,106.727933800149,0.124154919741247,1.39254215291818,960.887310054991,4
0.899454752459259,117.429385437438,0.464001258531357,0.782298694102207,20,0.679684607637211,106.728204665205,0.156586950518911,1.10412099440427,960.887310054918,4
0.642699284966307,-102.984116180745,0.122348432253924,0.922360634166363,1,0.920871815070073,-103.03318128837,8.52700030679062e-09,0.464533646976647,971.12799198543,5
0.644605344169444,-118.400215241649,0.466236453840497,0.975248838747625,2,0.756062013083263,-118.534973544415,6.31571348930525e-09,0.763522154851779,971.127991985431,5
0.561800767714525,-85.9409093223155,0.153696796046295,0.272658451137874,3,0.890198064018522,-85.9773584198822,1.42084888962421e-09,0.501050192495067,971.127991665428,5
0.958945164818127,-118.656556183587,0.494202790965245,1.40504310815097,4,0.891228941988826,-117.308570684664,9.45957823110126e-09,0.499730486959964,971.127991985434,5
0.714578830658899,-93.6871871173458,0.114469322896266,0.665564932747394,5,0.876160152051492,-93.9414097230555,7.11262975086452e-09,0.519749698669197,971.127991985437,5
0.850551010259552,-8.94029377023858,0.225530177612804,0.756233049310105,6,0.939508552774716,-8.51513391022278,9.85883256519757e-08,0.444835416451892,971.127993585458,5
0.750952829094502,-169.097057504763,0.354733413154216,0.014203217898508,7,0.718788688751992,-179.999922244082,0.0477172459010208,0.894401232597836,970.497163487984,5
0.529177667516102,11.559999897442,0.391874888220897,1.8885218027796,8,0.734516726471465,104.980942427022,0.196676957454224,0.845034066052126,961.656522521957,5
0.835056649372896,29.5130951046404,0.499396255503132,1.69616243020477,9,0.573410716673093,104.981316409316,0.061565585505713,2.69953273839338,961.656522521347,5
0.53270355735914,-148.197032046716,0.153197750399029,1.791185114516,10,0.847703455446227,-148.476960055943,1.09218289595906e-07,0.562286695756693,971.127993585432,5
0.554604407257523,2.43100468660532,0.105804784060225,0.133820475433356,11,0.857892168049643,2.51476374777469,2.96544065847182e-08,0.546279367937558,971.127991985437,5
0.850407466364873,41.0204497768246,0.403151418342262,1.07460986183362,12,0.685072244722072,104.981374175325,0.155210081063189,1.07079609882595,961.656522521335,5
0.727720647259573,47.5999354181882,0.111201196870793,0.564073839694024,13,0.657104114429973,104.981237732067,0.131754940743994,1.26142198609557,961.656522521422,5
0.759278842285934,167.204961237034,0.483374839120983,1.02793337552525,14,0.643846647666145,104.981419159479,0.120636607498023,1.37768083348742,961.656522521406,5
0.569104140530363,-165.542742023623,0.435614171684781,0.504774546001465,15,0.740568503439559,-179.999611223156,0.0524672194318788,0.813427094877895,970.497189087168,5
0.815749303085024,36.3092879667642,0.0681584542301814,1.34408117732683,16,0.657715410857717,104.98138331859,0.132267398686592,1.25653299000755,961.656522521335,5
0.865308810934173,23.9387994433862,0.415912772481196,0.572083189464954,17,0.575791672757889,104.98128606958,0.0635623415551105,2.61472842646447,961.656522521363,5
0.987367802540829,178.269826460327,0.432817441684374,0.178871142276616,18,0.624567502960621,104.981349838596,0.104468172537903,1.59090127547619,961.656522521358,5
0.548395117321057,99.4186682354694,0.49875299040025,0.390583924118298,19,0.699034583127742,104.981469232368,0.166919365907312,0.995679438164963,961.656522521361,5
0.695690536783298,-52.624033033731,0.102357098092147,0.508841131494492,20,0.904877562317111,-52.5675955230535,3.91785494314076e-08,0.482884500977835,971.127993585434,5
0.894096245245272,126.576240412943,0.289437228547005,0.665599203272143,1,0.653161387535064,105.471492243681,0.117410011381265,1.12676723729553,971.280980894254,6
0.608790373665253,-39.6962713691978,0.145053005944005,0.779824384509732,2,0.830368645245302,-39.673847926512,4.08759030726092e-08,0.517889816242238,977.359644046321,6
0.94694094773441,-22.9449772428272,0.0435101907988165,1.05486968081537,3,0.703653517304659,-22.713593516248,8.36205681340161e-09,0.840125578395186,977.35964284636,6
0.710698113826835,-83.1896687222623,0.387996422557513,1.45554142870628,4,0.66062647672159,-83.1962251508804,4.12436277632716e-09,1.06517104139759,977.359642846349,6
0.715662135927851,160.857324762626,0.0169109755317442,0.399342326872855,5,0.689579186361235,105.471247384591,0.145327322138213,0.910317401000685,971.280980894329,6
0.714149781486551,-168.629565339366,0.372595024887774,0.889518105011531,6,0.737552782590997,-179.999882453762,0.0487647916841929,0.720678702051485,976.927989756242,6
0.716272175355898,-165.477539137236,0.0043028104504651,1.78865912063222,7,0.787356974006665,-179.999853064979,0.0589878829751433,0.595771560677766,976.92799135635,6
0.694392367417341,8.24297301769806,0.158263320698381,1.15095762933008,8,0.759967241358715,8.63107862437318,2.21616589245133e-07,0.658139149286778,977.359644046351,6
0.638715374618706,-48.9944733927542,0.34170894735658,0.826864203783471,9,0.861698111440987,-48.8595392124942,4.07456442343676e-08,0.47303171587755,977.359644046348,6
0.869969812973767,-169.733947757219,0.426493573498648,0.235410827334703,10,0.731249103929109,-179.999882451872,0.0474706522531986,0.740323854669818,976.927989756334,6
0.815528485816264,-76.8471638763716,0.269545470758702,2.0032331223307,11,0.662447120038375,-76.8066831326488,4.12676064328535e-09,1.05323282357169,977.359642846352,6
0.870978198691079,-64.990771215803,0.352092129506572,1.69666794447193,12,0.698067046760414,-65.0362942125703,2.5527661963704e-08,0.86382114222112,977.359644449543,6
0.696673705046819,-87.5082622644731,0.300071130098614,0.958886697128892,13,0.816002993169836,-87.5533010862603,8.23684793938665e-07,0.541432681301593,977.359682464826,6
0.925259397939143,110.781073321246,0.158725987234896,1.08604709932005,14,0.671696664261264,105.471585124062,0.131618868918188,1.00512880429498,971.280980894265,6
0.698454929014415,-121.934466541198,0.16994244664446,0.187445712227732,15,0.844865116481835,-122.046791910047,1.29618929841417e-08,0.496120412445587,977.35964284635,6
0.894033598491117,-21.6991827280969,0.363697248984617,2.7770902261874,16,0.684688891090345,-21.8661900856143,7.72951676989471e-09,0.926393700315264,977.359642846348,6
0.620859454591473,51.6144962055984,0.335709195828577,0.809054379841011,17,0.583658639914466,105.471317288056,0.0641308971527755,2.06287414688499,971.280980894281,6
0.51805955076202,-93.0360143930918,0.487364722445387,1.89426616798703,18,0.795876900558614,-93.4281582647938,2.5402578609701e-08,0.57826289166183,977.359643726341,6
0.712096944894467,37.4383752587086,0.412104223443928,0.143996101526338,19,0.694540381706631,105.471349128745,0.149130565495607,0.887102537955369,971.280980894273,6
0.767338312411903,54.8354864791369,0.1540514842298,0.441211053576287,20,0.69352585535688,105.47148817304,0.148352673870614,0.891753007888973,971.280980894241,6
0.739759937110778,30.5978664968709,0.352628051696684,1.66863848555082,1,0.702839604329646,99.9776002312438,0.134584438881099,1.02322282813606,961.821882517509,7
0.831861888249654,-70.7083026770165,0.409077005720465,0.46107168468953,2,0.858470066275124,-70.6797602324122,1.49394348662063e-09,0.573626071546448,968.320081078365,7
0.705412434488626,-153.1720980989,0.18596853319561,0.210435679156877,3,0.768168243635116,-153.360772344659,1.92311915402322e-08,0.766786264129282,968.320081398368,7
0.782760517404564,-64.736569987511,0.172316531483347,0.310313242237128,4,0.895220440159332,-64.7093004763389,8.42535344913515e-09,0.520286181098969,968.320081398362,7
0.628060089201559,-54.7584273778619,0.385864997865136,4.89018977124135,5,0.623520994881742,-54.6995811024443,2.809731912876e-09,1.66471909137554,968.320081398365,7
0.597310754528088,75.3807610030921,0.287926226645474,0.386137944490604,6,0.668390257355642,99.9777180762372,0.111727209956993,1.23255424902442,961.821882517463,7
0.798277080146811,-174.280305993073,0.263030160873254,1.02800364791686,7,0.706618583401946,-179.999171397107,0.0238548246684736,0.995481627242452,968.12549427106,7
0.704680018723693,172.672073445239,0.0577954454203173,0.484490907264438,8,0.612686949360558,99.9777292910124,0.0747680959344438,1.84183008367093,961.821882517493,7
0.568977372967681,87.2274908548724,0.46877729547922,1.52042529213745,9,0.672155900008056,99.9775743832033,0.114225767405347,1.20559407843264,961.821882517527,7
0.577849473033715,-106.496620535998,0.0820512641299153,1.89956388550065,10,0.73635384414353,-106.708199788104,2.71954917729769e-10,0.869999863711211,968.320081018366,7
0.61138865148637,-165.572779557796,0.343362028341243,1.33246391230335,11,0.652154084919376,-179.999834258667,0.0175664626468267,1.3518197066754,968.125468672221,7
0.683040174980498,72.9351239473232,0.471344308493939,1.44504088615951,12,0.703073535906855,99.9773379362667,0.134739866789777,1.02204321285295,961.821882517833,7
0.805914296228781,-64.5123238097256,0.434767800205124,0.24069909303145,13,0.821526137673531,-64.4101681926183,6.864248097757e-09,0.639536617303811,968.320081398364,7
0.7126025223262,-128.055817858284,0.381148615753404,0.619275540753732,14,0.881841701227128,-128.081498858539,1.17468249516516e-08,0.538515568750351,968.320081398364,7
0.545637589738477,-118.155246547405,0.194307779466143,0.913780911479123,15,0.851594393802873,-118.398345962002,3.68874274886719e-08,0.584843746348913,968.320082598422,7
0.623244196651294,23.3706251959925,0.233140634581648,2.49334015458999,16,0.708240906923408,99.9777279458629,0.138168202910947,0.996682948655306,961.821882517465,7
0.728372730381949,101.983345779521,0.089012222642499,1.36450552889574,17,0.696620468379267,99.9775896517706,0.130458110515024,1.05558742898569,961.821882517518,7
0.983450229861184,-92.6816433391891,0.317510671157308,0.0717203499518175,18,0.93974330388059,-92.6957286916207,4.63377820151317e-08,0.467608279132077,968.320082998391,7
0.858516582418409,-47.3147034416023,0.322782049278341,0.282808700794329,19,0.903015144885303,-47.1661686162912,4.94671669897366e-08,0.510223352204003,968.320083004234,7
0.66357665606226,107.990706618473,0.379577620491764,1.04658887457746,20,0.696933781665259,99.977393458741,0.130666050796019,1.05390821122876,961.82188251773,7
0.514485263972603,-30.0300540092282,0.0494841656408415,0.639343683908687,1,0.903185295275227,-29.9876544342053,1.17164330024095e-08,0.459912105098271,973.794519477895,8
0.951434418620203,-10.0895561031245,0.0938052043729855,1.68928644768033,2,0.648368579370849,-8.19616683972078,8.0670760740062e-09,1.24979139919219,973.794519477896,8
0.868518140435598,-17.0908907778517,0.257119350024473,0.813725543779715,3,0.867696754762397,-16.8284298619773,7.29785738131489e-08,0.504300649513217,973.79452107789,8
0.862121685305347,-157.265522906276,0.0867866475590937,0.357541594187473,4,0.816291600936773,-157.360595386476,3.88425098600371e-08,0.586261856743244,973.794519477872,8
0.881550746444701,104.409078801183,0.233434917482481,3.0823930731241,5,0.700783311280044,103.302195509074,0.167506720926525,0.934721605764058,965.346112842321,8
0.614937792088779,-31.5188920136929,0.459241834868772,0.35785293834285,6,0.80674706186298,-30.224841639849,2.84002566737226e-10,0.604503829050069,973.794519090696,8
0.899811008838583,132.32738370031,0.0594663994487633,0.705178048168345,7,0.687676869713748,103.302139735367,0.156572468319057,0.999998184499532,965.34611284235,8
0.971339791184355,-156.497076184521,0.202857617654853,2.05336639049559,8,0.668349272896525,-157.464185830736,2.09056623189077e-08,1.10145889090225,973.794519477895,8
0.503557601406905,147.767961246986,0.267700569753255,0.982617803740094,9,0.689472548871409,103.302304700157,0.158070599692724,0.990521181188867,965.346112842333,8
0.665155596133459,15.9102262489521,0.262805790723979,3.19969468947951,10,0.557923004285591,103.302050024884,0.0483232003618477,3.24010354221991,965.346112842423,8
0.636439673400829,-148.709565196863,0.276451789041358,0.754835821669478,11,0.779859873657976,-150.056944888401,1.94729588154107e-08,0.662580893534344,973.794519477897,8
0.94490381414462,107.169160830529,0.328687522918875,0.383327351010094,12,0.692804470446697,103.302507703094,0.16085014884972,0.973403380918431,965.346112842478,8
0.585299140650755,-36.4575956582616,0.449535536556844,0.663498154810929,13,0.88439871418731,-36.4371609120734,1.00371401246824e-08,0.482389152315685,973.794519477894,8
0.750730585100383,-108.632695812337,0.283550158857311,1.16822507430184,14,0.89051974710188,-108.836151681416,4.59480378316639e-08,0.474827630042386,973.79452107792,8
0.963267578231373,5.93495538791387,0.253737780787974,0.626633173730846,15,0.535123363941538,103.302163790139,0.0293022263090219,5.34335101783688,965.346112842333,8
0.612369082191073,70.2825251864121,0.440867717792977,0.106082089943211,16,0.71871963477624,103.302130701983,0.182470549887948,0.858068659227986,965.346112842363,8
0.629576660084976,76.3056684828552,0.37842859919998,1.88322624547704,17,0.691728069288801,103.302168846889,0.159952318340919,0.978867274114859,965.34611284235,8
0.80093065567363,166.141229869544,0.380450974579109,1.09230088915374,18,0.683691369578211,103.302281527795,0.153247322870506,1.02169481404902,965.346112842315,8
0.98712445829997,61.2973130696815,0.380935264212252,1.76655175253835,19,0.686414267336745,103.302022413053,0.155519573726532,1.00677030386449,965.346112842527,8
0.639072264525343,66.5219023340395,0.383072234749997,3.7846351562617,20,0.688783112921192,103.302168100331,0.15749528305008,0.994138158181312,965.346112842332,8
0.700505602334988,20.4910667532593,0.426771358595715,0.246686259552012,1,0.595928890845596,94.3552931169599,0.0956643458945157,2.417753739558,944.347896320818,9
0.647831352685154,-132.994345620209,0.444951271490624,0.813252059949139,2,0.807833343481345,-133.041387760074,2.57775579553145e-10,0.734139016009877,962.27780785694,9
0.791171724366422,153.385231596358,0.241663738004103,0.377005894446352,3,0.674168293413536,94.3553115868484,0.173688000189809,1.33165717969809,944.347896320816,9
0.986380899304286,-38.8815719675838,0.315632026680825,0.776794220175009,4,0.898123351923158,-38.6971770271305,3.3057747929782e-08,0.567644428965404,962.277809836948,9
0.85778414710823,94.8540432575884,0.17241960772395,1.67402472120284,5,0.676313876292972,94.3551680544378,0.175827543716516,1.3154520394377,944.347896320951,9
0.826690637490411,58.7629464211035,0.091083782892928,1.43764632783416,6,0.675382678259338,94.3553406087806,0.174898822859714,1.32243644475303,944.347896320814,9
0.907638802127605,-85.1422201969417,0.171668639740817,5.10420465736245,7,0.873481497260734,-85.1294422709437,6.77484620951703e-10,0.605097056202356,962.277807900933,9
0.672399291726154,-47.913961200929,0.328985326070742,0.675875112418508,8,0.824603749950493,-47.5893848803222,9.34417578213284e-08,0.69621029581738,962.277815834527,9
0.717573181941092,19.4373765409493,0.118145272899988,1.97874248185559,9,0.67632245296206,94.3553657456636,0.175836112036163,1.31538811777379,944.347896320814,9
0.689448124555757,133.203480412034,0.175690639169281,0.48443154389206,10,0.675491035936345,94.355209489178,0.175007050085732,1.3216199769748,944.347896320888,9
0.694162198581535,-130.913214118849,0.499831944651289,0.553111308342011,11,0.837585981722434,-137.085195355748,6.13966017451086e-09,0.669436769021148,962.277808236923,9
0.687225428386952,-97.1819421173329,0.0969170298070401,0.0390755350908277,12,0.948661078055474,-97.200045719775,2.59926518929112e-08,0.503704319973196,962.277809839592,9
0.909597094626165,143.352324891516,0.334073755081293,0.141652155812066,13,0.676704828411023,94.3553028563801,0.176217440742519,1.31254162807001,944.34789632081,9
0.981378443987189,95.8937620675673,0.236278643285497,0.699352875311608,14,0.674108198657736,94.3553230751578,0.17362792683586,1.33211702175546,944.347896320808,9
0.841948637619148,-11.8814778224095,0.102763056784749,0.185899863805764,15,0.913698508770713,-11.7694285357261,8.44359099091726e-08,0.546273402919547,962.277809836948,9
0.544571206754797,-34.1114195084158,0.329602528563836,0.137783974207673,16,0.821533094364812,-32.7890130572668,6.03693214313459e-09,0.70285938327018,962.27780823694,9
0.856595094406848,10.5076089319807,0.398837498740189,0.54379786947413,17,0.584036619370074,94.3552722564551,0.0838048641179185,2.75989814847358,944.347896320836,9
0.600190368419367,-109.919290981378,0.168500815818759,0.752567466191897,18,0.967993915634707,-110.01341748288,2.91214663776785e-08,0.4828959527597,962.27780983689,9
0.682067983619424,90.9596754514678,0.28504246687463,0.0619014879070615,19,0.692875627139054,94.3552557388361,0.192343595763169,1.20249712170292,944.347896320843,9
0.868851546831799,107.244999463149,0.122475001046894,4.32435245528596,20,0.692081015303782,94.3552888748721,0.191551145040867,1.20747156325472,944.347896320828,9
0.671527286199493,-102.964446550608,0.0797800566206536,2.17505403826271,1,0.76939476406902,-102.894122078962,3.32289031039551e-10,0.677655402168428,974.530491488295,10
0.822690540358721,167.976908650333,0.188762751997194,0.439944084898527,2,0.551261523345551,88.5658182343912,0.0363772168125798,3.59134150411412,968.625529868005,10
0.620472566790212,136.973683285831,0.287649280684205,0.823552460427875,3,0.620815407795205,88.5652763718164,0.0857352964592593,1.52379134395416,968.62552986796,10
0.933926227513302,56.7343633411066,0.152242179359061,2.83526785214216,4,0.729710146185312,88.5656002241499,0.163011467858041,0.801433970847857,968.625529867853,10
0.909462460803974,29.9705638752161,0.28064560644431,0.797538599785992,5,0.699287595569248,88.5648387842017,0.141422133106642,0.923777642046517,968.625529868745,10
0.912998514454788,-165.987597538661,0.466711358428503,3.43739330083286,6,0.589139753924787,-166.060941374433,4.06603070310159e-08,2.04798551911923,974.530493468351,10
0.909783119289398,31.6523601191134,0.47607541759068,0.092466535116439,7,0.584068062623516,88.5653763479526,0.0596579066272322,2.18986257891701,968.625529867878,10
0.987282843921113,33.1892990656034,0.326683478207551,0.536796212974337,8,0.582051181282884,88.5655235398752,0.0582266665015308,2.24369127785033,968.625529867821,10
0.717737131452335,14.8331916883579,0.039557352832845,0.138347369691292,9,0.698073858997935,88.5654880405977,0.14056102176182,0.929438610176891,968.625529867841,10
0.882960732905957,87.4638332273385,0.367396291201064,0.874999894314671,10,0.679642376596301,88.5655647447505,0.127481227076756,1.02479960398645,968.625529867824,10
0.608208713533489,61.3335680401552,0.337607771015699,2.52453115740196,11,0.725367308294069,88.5656617207095,0.15992926470228,0.816877470202367,968.625529867843,10
0.576125547436924,135.726088517923,0.35652324104986,1.94013899587981,12,0.705594694296721,88.5656202044562,0.145897835512069,0.895439151195893,968.62552986783,10
0.818636609827097,-103.352749701634,0.306455410145436,0.541519057117333,13,0.892262470890766,-103.381747339991,3.87874763127212e-08,0.465394699828462,974.530493068291,10
0.64995839400428,12.1662621187817,0.107005846895922,1.70739342678799,14,0.698507516794427,88.5652515084301,0.140868813732505,0.927408103697545,968.625529868004,10
0.767399582398621,-85.858185000377,0.430867008827132,0.402425950585698,15,0.899740043440281,-85.8400809815905,4.85707381484226e-08,0.456688401443914,974.530493468382,10
0.74590080951546,116.077563967765,0.341056655563655,0.15638347314679,16,0.612522915594531,88.5655439282004,0.0798506974310689,1.63608822598764,968.625529867834,10
0.770599547880283,107.290488929467,0.123839482551285,0.26716519132001,17,0.698336646798176,88.5654536297774,0.140747252080797,0.928207248235652,968.62552986784,10
0.976566122748671,-81.8083184852723,0.0864606425198042,0.501532150972316,18,0.848081776559712,-81.7890286663124,1.70777579946301e-07,0.524465142234105,974.53049946815,10
0.588044890326675,26.2430387903662,0.419870164646008,1.34769149627921,19,0.697998868074657,88.5654922761663,0.140507668890935,0.929790448421567,968.625529867829,10
0.82246198321472,-33.6199976307536,0.179284494809458,0.297329459095028,20,0.892555702721568,-33.4834764285025,7.15649365648075e-08,0.465047110982124,974.530493068288,10
0.570075361466011,-50.947052028657,0.388820000120377,0.047167503003508,1,0.828871528762437,-50.4194206406333,5.14805692070517e-07,0.594483726757202,971.128031601162,11
0.72670576793807,129.326832970757,0.136364568568631,2.74202407632307,2,0.668277414544617,104.289490498569,0.177728102149005,1.18735953520338,955.956748525559,11
0.514081972074146,141.833681987087,0.0137782095673194,0.425789040974935,3,0.66916109491412,104.289537197927,0.178661412928532,1.18115687883596,955.956748525551,11
0.85227352922788,117.571528268678,0.18870223532088,2.20864741870979,4,0.67314726360555,104.28942069947,0.182871438554869,1.15396381924994,955.95674852562,11
0.886759596437474,-56.7345782811777,0.499146195341904,1.36867276941976,5,0.867061961151298,-48.9484975784376,1.16320550593128e-09,0.53263239296883,971.127991665429,11
0.909067672247343,99.6764262086769,0.219652812101994,2.32166572440669,6,0.643136341209516,104.289429220724,0.151175057389168,1.39591290852284,955.956748525605,11
0.576452050608412,-126.858962530182,0.0513776761264794,0.583161051280992,7,0.904659267256428,-126.898077051822,9.13414111594517e-09,0.48314483995995,971.127991985432,11
0.634614211187441,118.286045300288,0.270757298315152,0.489128487188199,8,0.682972346373782,104.289499855685,0.19324821718945,1.09200000679855,955.956748525556,11
0.901487622736641,128.535168339668,0.484009317502289,0.503100436338161,9,0.670641149842778,104.289505056061,0.180224615732589,1.17091265044061,955.956748525568,11
0.786487168894102,-82.3615447212804,0.178366739544106,2.88373583592792,10,0.914903135693567,-82.3490576833815,5.90956658743508e-09,0.471216123380439,971.127991985431,11
0.643109772567942,32.7337045336902,0.208836808306465,0.59469406797767,11,0.71010531706368,104.289482600492,0.221905026634129,0.950978980176633,955.956748525568,11
0.656522612649652,51.523151577956,0.391725676742094,1.28487956275187,12,0.581694285056579,104.289511781443,0.0862823405011514,2.44577446235608,955.956748525553,11
0.768761922437094,-13.7971632789223,0.211291246752832,0.183109762202497,13,0.904801138271053,-13.6586950572055,2.44383868595051e-09,0.482975626814674,971.127991665425,11
0.77816509970744,24.5500653415124,0.300453806339919,1.77894483336963,14,0.671719977130512,104.289402467895,0.181363975203641,1.16355595299041,955.956748525629,11
0.882532634044587,90.6418575419069,0.0423857057958946,0.0605500322104447,15,0.708800356322387,104.289563276723,0.220527009184524,0.956922289065941,955.956748525564,11
0.673178522402586,-176.722808928206,0.253059204912623,0.728355712592074,16,0.734091324433495,-179.999997461013,0.0616170390828133,0.836277798452842,970.208680383567,11
0.88243499882925,-1.50590454406188,0.0562561825725003,1.3949377690578,17,0.692266694377579,-11.2027002952919,6.32013890211819e-09,1.01686389927139,971.127991985425,11
0.689491276743462,161.897082805863,0.482851927858616,0.387571282406129,18,0.658926474909145,104.289465811844,0.167852023869481,1.2572221098528,955.956748525583,11
0.969118876365797,-75.7333808201091,0.195040359808426,1.55177128293026,19,0.743388520910026,-75.7289742184942,1.72169883426587e-10,0.803280039832469,971.127991605433,11
0.699965809170298,98.4280904012243,0.449372748450239,0.808660293075201,20,0.682017987506005,104.289587322799,0.192240397493454,1.09772578524946,955.956748525571,11
0.810853781998897,-142.077910302136,0.35842899508405,1.5172347752607,1,0.722430241355909,-142.255765538574,3.90272368626617e-09,0.878967946479991,971.127991665433,12
0.632344872641595,-177.431270832255,0.437113482805102,0.801694301055277,2,0.711356417372159,-179.999374893975,0.0429806660943546,0.925744008790668,970.579656660738,12
0.626254573225309,-39.3607418809749,0.144633481037953,0.404001597750491,3,0.9203527012439,-39.3247971819537,1.26399714599053e-08,0.465107247475987,971.127991985428,12
0.553696655504015,-52.6829078116312,0.120576787807831,0.529681894559739,4,0.845542651349623,-52.6606792794276,1.87683538769775e-07,0.565802945406816,971.127999584616,12
0.731906252952264,164.533081946885,0.345284975729966,0.190440928385686,5,0.606440873422611,110.506096226384,0.0616256768218382,1.84855304199413,966.652845536418,12
0.917839427343739,-125.480511998246,0.414033998360684,0.267983304127938,6,0.796364788642866,-127.056728134822,5.7455786413671e-08,0.659690458375211,971.127993185408,12
0.999451934499297,-122.798862814079,0.34603992096217,1.15990417069742,7,0.843347098302925,-122.710585261039,2.98133393760887e-09,0.569421269211323,971.12799166543,12
0.88531948140535,-140.429420180268,0.494809846022916,2.70992471621197,8,0.793370098430095,-148.556394218172,4.01963841679572e-08,0.666424885140005,971.127991985432,12
0.604107303481594,-8.47203364667538,0.347819378901776,0.0422305004058744,9,0.813137238527991,-8.37552134191825,1.6854254195734e-08,0.624356418837737,971.127991985452,12
0.820167674201333,164.437810925386,0.255123609273047,5.73387428046506,10,0.713217076462234,110.506303676287,0.123445433111101,0.922823080706757,966.652845536407,12
0.526338337327718,-172.539200129989,0.461001368774439,0.0637893211799807,11,0.740363517639686,-179.99937488779,0.04887941221728,0.814024765219993,970.579656661028,12
0.592691653690832,-150.453328283243,0.332524073512932,0.980045489195931,12,0.826636930579155,-150.804456086867,5.62057147711216e-08,0.598551796909811,971.127991985424,12
0.616833309322108,-39.785564119565,0.189785034109125,0.534293264340322,13,0.798009144334003,-39.4328188222515,8.95680963364667e-07,0.656050063127675,971.128031610157,12
0.644283541500983,67.6051771898192,0.450822553006266,5.95557124225799,14,0.709754793311613,110.506215021132,0.121441074883488,0.938055447767259,966.652845536399,12
0.976779720566643,72.6717344498621,0.310267010645774,0.126937718671561,15,0.667200581933637,110.506960567476,0.0968035005721099,1.17680015743616,966.652845537136,12
0.650571044363064,107.5811538925,0.104763793074319,0.156316858922149,16,0.709478921768202,110.506314911791,0.121281307439129,0.939291083632848,966.652845536411,12
0.557054679972144,-121.960520369873,0.0313755054468628,2.0299154413107,17,0.619760673970818,-122.017519366322,5.11699082490978e-09,1.63249844450601,971.127991985424,12
0.776898576039643,141.558322872932,0.0906547111775189,2.74942869845597,18,0.713481019677895,110.506347374813,0.123598295127521,0.921682034832141,966.652845536415,12
0.917229375108531,-38.2371672819509,0.327847811793591,2.08909702812303,19,0.630360443552753,-38.4186357523679,3.95686041111253e-09,1.49975742567794,971.127991985435,12
0.776179644818703,-101.547651442714,0.480322165124801,0.0487028151464385,20,0.910785753035069,-101.704838082374,6.31087977165422e-08,0.475939272912203,971.127993585434,12
0.747156036633673,47.5237482249084,0.398701988711912,1.95041459396941,1,0.732304787448716,98.8706404081516,0.146431271082846,0.82264683129151,967.65694846323,13
0.822514428764392,89.2067874990772,0.302060834570635,0.560889975163027,2,0.646604026466149,98.8706070122173,0.0924106800626967,1.30354606014324,967.656948463222,13
0.978651728063113,-84.2452280872822,0.234048110529955,0.165887421979045,3,0.826006852122263,-84.2427793508538,3.30234959880884e-10,0.582027157736383,972.668998745298,13
0.912577513685964,94.8114376410315,0.254136002563562,1.91097708616736,4,0.673283702093316,98.8705218465879,0.109227927807976,1.10284498291221,967.656948463297,13
0.722664707077555,-159.917449374799,0.136087955204162,0.145401893086979,5,0.673848841115549,-159.900534504251,2.25754345306002e-08,1.0914353771056,972.668999129303,13
0.841943576267765,174.394757946113,0.220103281499298,0.0316410082835761,6,0.591559730138182,98.870955577785,0.0577138786902805,2.0872172393221,967.656948463093,13
0.678247045745028,96.362225854135,0.0584911461956874,1.57285263792025,7,0.701916515651975,98.8709810207958,0.127276552611029,0.946456340371555,967.65694846314,13
0.524253446130396,-52.0998442193349,0.0449500352921491,6.35324787228724,8,0.546062419611165,-52.0618595538576,2.66511388535471e-10,4.119298570937,972.668998809304,13
0.683586798540723,63.5161190984679,0.438700093881665,0.119222586214035,9,0.662838669148558,98.8706613086067,0.102644173100524,1.17358563252609,967.656948463208,13
0.540239456194848,171.886436048786,0.0239024694265501,1.87689416556754,10,0.708015814143294,98.8706232302857,0.131120909430228,0.918704074578397,967.656948463201,13
0.988597781548722,47.4297234022496,0.0421696007964378,0.0389916039932563,11,0.589310058999449,98.8706747171695,0.0562958646929944,2.13979347009349,967.656948463165,13
0.537678982692688,-136.367557001226,0.222186997250209,0.165916635438737,12,0.806432337715588,-137.104300638662,5.53902492193506e-08,0.619206169991804,972.669000329298,13
0.798671988114366,-31.3193248599132,0.373145021973804,0.137515172755799,13,0.786279003913039,-31.2143340456749,1.12417072273033e-08,0.662796838535923,972.668999129299,13
0.529692020614615,-171.439017794039,0.398501927134601,0.247661864122914,14,0.742019990098892,-179.998797377691,0.0236029930359622,0.784136508661199,972.550060319819,13
0.687186636529195,64.6213802128241,0.111016801875571,0.0222177071732269,15,0.598900599580522,98.8706130629142,0.0623411270578465,1.93229396107839,967.656948463205,13
0.594486719991589,170.562174849552,0.112426672914404,0.554594416859779,16,0.708072654806013,98.8704009297309,0.131157259572495,0.918452847035325,967.656948463509,13
0.90034059863058,15.2353224913168,0.401812252561641,1.6274126889451,17,0.705162331010567,98.8711621006204,0.129322388407797,0.931482217978205,967.656948463203,13
0.943565253266572,160.461639500188,0.406122369969081,1.04981582582063,18,0.702696701088035,98.8707638186248,0.127768039228684,0.942812585289264,967.656948463114,13
0.916301714529171,-13.9980048635179,0.183374428018311,0.510192409105166,19,0.777275382172971,-13.3239100922498,7.42398145240258e-10,0.684318909922516,972.668998745298,13
0.759820124555182,78.0845170186799,0.449960646700976,0.310631793942715,20,0.639786583753232,98.8712381726423,0.0881134314422782,1.3671211219996,967.656948463322,13
0.769191793470934,-103.389719967009,0.357687232147149,0.372456528640435,1,0.888322657323916,-103.55946640599,2.24129033268506e-08,0.57820980130182,962.728333837367,14
0.902756818168534,71.8036108822548,0.381994991544536,0.281519718200583,2,0.695392953304552,103.401600229027,0.174342720816869,1.17274114488168,948.644693084676,14
0.780136984505931,-122.661025088735,0.120457085659947,1.137188845761,3,0.846102760394244,-123.067625032141,3.2314195407317e-08,0.648743998549153,962.728334237373,14
0.713549022305519,-56.0144284251727,0.486745267511784,0.618165535720012,4,0.895689271189934,-55.6314851810281,1.08981972754638e-07,0.567444375714672,962.728340236385,14
0.819524782721894,172.715247042265,0.460485790608675,0.574524970705397,5,0.619732001759187,103.401654201953,0.106832904195319,1.91381818411139,948.644693084671,14
0.763586145367282,10.4574964447439,0.383997095603958,0.928567403453099,6,0.681593557333531,103.401575104538,0.162029981594185,1.26185816148627,948.644693084685,14
0.988784269602664,-115.604213240032,0.307553467171859,5.09487940187332,7,0.84755835944561,-117.600332724203,2.96156645828194e-10,0.646026870338208,962.728332257363,14
0.931808999829733,-44.6732475917488,0.277652107864751,2.82008701012267,8,0.638487044774624,-45.1278304648541,1.04412327577285e-08,1.62132133653128,962.728334237364,14
0.581749860570187,78.5708108078132,0.130235032211184,0.0834852710123413,9,0.685579523556253,103.401717822802,0.165586519346645,1.23475527000893,948.644693084701,14
0.505725835784619,60.164846740781,0.0844516976346102,0.422561317855292,10,0.682297084718735,103.401679316923,0.162657563891617,1.25698866654083,948.644693084679,14
0.745230517492142,66.2825281735184,0.152090387098032,0.753863565221039,11,0.689377159856399,103.401410781407,0.168974831736738,1.20999432202717,948.644693084895,14
0.765712201295157,-161.061250261079,0.186310170799694,0.537835463613784,12,0.816594989288218,-161.411140123149,4.50383065124625e-08,0.709208990447559,962.728332637382,14
0.818972249019511,145.403728319954,0.375366527140318,2.77456457053364,13,0.683859811480271,103.401500651452,0.164051976145593,1.24630477266362,948.644693084745,14
0.652054220384025,-106.280272459518,0.157818613812047,0.424960079660136,14,0.855516549897582,-106.354894502275,2.63338788115159e-08,0.631565754307094,962.728334237373,14
0.751892256458042,13.839424029238,0.0680778168137677,1.20746685563766,15,0.68446776494011,103.401606601574,0.164594295477235,1.24219771523102,948.644693084685,14
0.782685897579424,175.202120266226,0.150782726398131,0.419104838083299,16,0.685060607767175,103.401601313739,0.165123570424713,1.23821728140897,948.64469308468,14
0.673592587460087,-120.405739934622,0.345157988153715,0.238619939327499,17,0.853589408745164,-120.820115762805,1.2691123272988e-09,0.63500752067323,962.728332317364,14
0.584999391541787,21.3846292789206,0.401465401630488,0.229486124478062,18,0.558903995333275,103.401558522038,0.0525580963013769,3.89014901955283,948.644693084693,14
0.831868292131185,-43.9593479306615,0.127406585751799,1.34855061999685,19,0.852521730636119,-44.8449057789899,5.3318521097818e-09,0.636931079775105,962.728332637362,14
0.75843469023818,163.657043839906,0.084693700241008,1.65746512567956,20,0.684789394982242,103.401528022026,0.164881475744441,1.24003469279342,948.644693084718,14
0.776118479380494,7.16664745950663,0.179064327771764,0.645371616581356,1,0.554686877654363,96.4356575694355,0.0424784648797247,3.83614070595415,958.840559508075,15
0.904289095230175,24.2846588467621,0.158096727383577,0.27629667310322,2,0.677219517525558,96.4358173188135,0.137656744443191,1.18376653683301,958.840559507968,15
0.98754001064754,-87.1516614155135,0.224387939992992,0.671506002294718,3,0.704924766071281,-87.1636222373134,3.55195936535602e-09,1.01050077310169,967.907377154594,15
0.737688762882778,20.1891993075076,0.137787291991805,1.13855285454017,4,0.693276773138944,96.4358440342305,0.150129280304653,1.08542034556948,958.840559507959,15
0.741937118798918,-174.827813666948,0.0219867930418516,0.77688897617173,5,0.751024418974632,-179.999089234045,0.0219887053291912,0.825059858186491,967.793875172825,15
0.799791376181233,-178.745248774059,0.234393326741718,0.761457796159297,6,0.748758483772795,-179.999817838316,0.0217900758174705,0.83257549158651,967.793849573545,15
0.511045328620793,-120.608180340228,0.272821703545397,0.710923675694603,7,0.921771708815682,-120.620689057633,9.14246061370802e-09,0.490968469890934,967.907377154591,15
0.931907946059684,-100.888065271951,0.139968903639598,0.402583920444255,8,0.810826211485943,-100.942215133211,1.12679108137046e-07,0.666213412376508,967.907384754493,15
0.756240517911597,155.39003586596,0.138837409806247,0.0656613400857271,9,0.693749730106215,96.4357682329934,0.150496573117336,1.08277074830714,958.840559507985,15
0.980575192899691,91.9478628134146,0.322134124806041,0.440237238637962,10,0.685565026600566,96.4357888943018,0.144139108444918,1.13052858150074,958.840559507974,15
0.905294958364958,84.3172115524085,0.124004445064424,1.81976543629547,11,0.693119828747229,96.4355613543442,0.150007742099608,1.08630407346783,958.840559508407,15
0.860871099166771,-159.571504824712,0.475343636960069,0.603411234452103,12,0.820385481448335,-160.433310553405,2.43971086221854e-08,0.646335795689703,967.907377154605,15
0.588299165652753,37.6143958352151,0.363469183830188,1.65692803286529,13,0.693855630242146,96.4353636598509,0.150578829926195,1.08217949553499,958.840559508649,15
0.513483502944345,156.80045724333,0.272005575557263,1.18441897395159,14,0.659701527578392,96.4359066649252,0.124049439976314,1.3136165063179,958.840559507965,15
0.648854134285172,-148.139440232324,0.267488365854805,0.0334876827886762,15,0.813376294409259,-148.256262293055,1.26810896230628e-08,0.66079212286098,967.907377154588,15
0.626831390631321,-91.5839244308114,0.173288131773618,0.178041279060931,16,0.876803957541666,-91.620733541744,2.63134174752514e-08,0.549560595372528,967.907378353424,15
0.5648728856622,85.9815240211819,0.405430848667993,1.38867735075919,17,0.712006397949697,96.4358662393132,0.164677718364885,0.98952921913092,958.840559507959,15
0.754273481525412,-162.197744258316,0.259151161461042,0.110669487708041,18,0.733149784654636,-162.359221778557,2.07555437878103e-08,0.88816983055815,967.907377154591,15
0.590651575170393,164.504248534896,0.404822106360338,1.82608351606359,19,0.696693910777438,96.4357794138044,0.152783594786942,1.06656339509187,958.840559507978,15
0.789155250811635,-86.0183172322582,0.330541462111313,5.64801320385223,20,0.864057616191109,-86.0278798795958,3.15175308198295e-08,0.568801738694297,967.907378754589,15
0.600024194571263,-95.212282447805,0.127918676119097,0.874204536072817,1,0.858655251455442,-95.2119377241942,5.31712626713054e-08,0.654601013760864,959.513232606771,16
0.98845367562476,14.450601345777,0.301765032427407,1.35717155138629,2,0.568819743051843,85.0602445732228,0.0246675564435142,3.42340933704534,957.089252159902,16
0.771715430785433,-21.9217216089604,0.374113835170243,0.348168479512541,3,0.826364663480602,-21.6846838853218,1.67929360789567e-07,0.71936744095337,959.513232606784,16
0.762559706112083,-71.0084424137588,0.44742581016178,0.973854034137615,4,0.773818860225284,-70.9961950874012,4.44156316266307e-08,0.857414030036971,959.513232606769,16
0.590713537024572,164.588386167348,0.337679424858837,1.05773273976583,5,0.557100496893918,85.061009584869,0.0204670772150667,4.12602755762071,957.089252159891,16
0.578885301672805,-64.1231411704513,0.480397536536447,0.817921155386068,6,0.801620744868781,-62.8605769550228,1.05544490959988e-08,0.778381962662953,959.513231006766,16
0.785603032345251,-38.641281507708,0.435726320684785,0.788062195605154,7,0.83733039637644,-38.6151858936312,1.80377026734463e-08,0.695982814929089,959.513231006767,16
0.816034149517498,-46.6087226484314,0.0742953118387151,1.41029040126966,8,0.745443208118852,-46.4641966140732,1.09772342813275e-08,0.956539503431422,959.513231006763,16
0.889109817649502,-113.734146951648,0.38877702734361,3.21530448314906,9,0.730054086302504,-114.20512334437,7.22576332617142e-09,1.02052586990214,959.513231006767,16
0.83077937564244,131.769017546024,0.110078382455347,0.0619346813057303,10,0.638068243154516,85.0611877549916,0.0494891263351689,1.70638920533803,957.089252159971,16
0.717940735023658,-139.507328762056,0.217214081002085,1.00414602179611,11,0.898509630473639,-139.625582758436,1.66194689655603e-08,0.589135123037353,959.513231006781,16
0.626806996593058,168.458274374401,0.482365747993376,0.587587481545187,12,0.706615309591779,85.0604786533046,0.0740587349459082,1.14027418883485,957.089252159773,16
0.782290516510871,102.75062716716,0.0293179010314902,0.163087818439912,13,0.727462339475234,85.061012366867,0.0815310216183772,1.03576757797983,957.089252159753,16
0.834086940240901,26.7048812501543,0.146900300070913,0.551740260442042,14,0.618268158377529,85.0607281392365,0.0423916958591627,1.99206735637629,957.089252159704,16
0.528944851982846,-159.409495737089,0.404531143848931,2.6959771296231,15,0.823909393708217,-159.402284533168,2.22782618983091e-08,0.724820358796573,959.513231006773,16
0.842508998160636,99.2439490725093,0.3885203959576,0.0796591840915089,16,0.680613624651552,85.0606381452909,0.0647390583287698,1.3044318526803,957.089252159839,16
0.868516835544958,-119.42931447973,0.328644366539745,0.125276037225989,17,0.831168968364483,-119.447508037094,1.0791420271997e-08,0.708931438266002,959.513231006767,16
0.848235463409486,2.38641835370089,0.402731172089515,0.616945866187437,18,0.556465475636738,85.0605984465517,0.0202393495940001,4.17242773916037,957.089252159729,16
0.681368711595268,-82.0489106494958,0.0383736585864536,3.05629230630573,19,0.776763985928051,-81.9853723427022,8.42032718474492e-09,0.848290001728225,959.513231006767,16
0.907155845292172,-140.866822056671,0.262367470117086,0.523045858423909,20,0.818227308198334,-141.063563987162,5.44545571438315e-08,0.737762115854407,959.513232206793,16
0.501779010085105,-143.924477041697,0.325398721845683,0.107747542549098,1,0.768363981534942,-145.254895080563,1.24282704978092e-08,0.707042662458873,972.6689990493,17
0.881725065946412,-27.350471371261,0.28064161133208,0.0568407153808064,2,0.856238666371258,-27.2190193012677,3.89849908916356e-08,0.532633884814611,972.669000729291,17
0.745177260543346,105.829389100443,0.23635338850853,1.28351539862297,3,0.667981537306822,108.924260566692,0.168738992209194,1.15058769577915,959.765180739453,17
0.954849639913482,-96.980405362754,0.443404751262114,0.49894891807305,4,0.936475788007448,-97.0207730678632,7.66065841146688e-09,0.434720068815743,972.668999129299,17
0.908632812479821,164.485027346292,0.109189291934175,0.801388020334585,5,0.673412715921265,108.924430936796,0.174194417527071,1.11455151050468,959.765180739499,17
0.580340178243987,-39.2103535575143,0.116500813255282,0.535263381459185,6,0.927152819839302,-39.0392509953983,3.18100440398326e-10,0.444208186955131,972.6689987453,17
0.822390464974819,-160.431517169949,0.421125006095115,1.39184678408602,7,0.582564833720538,-179.999941885855,0.0271101186301252,2.30255532180421,971.317599230774,17
0.780639536603032,66.2840987788366,0.195282435582958,0.993955698650335,8,0.673099418608168,108.924242552491,0.173879986741568,1.11656809605078,959.765180739454,17
0.812812794946181,176.889341185921,0.118653686935396,0.524192732079402,9,0.672866852130056,108.924249280806,0.173646413369349,1.1180709825104,959.765180739451,17
0.63698930491118,42.0864352535685,0.16185407428204,0.204626828551363,10,0.606953407670359,108.924297592296,0.107435747626748,1.80711777972644,959.765180739435,17
0.769862391093575,-7.19944187855606,0.436877174845479,0.573575367875207,11,0.891350341601416,-7.15157989339717,1.40512299461553e-08,0.484846617736571,972.668999129302,17
0.519457809933341,81.0283301484374,0.351708606715439,1.86528116966156,12,0.696747579564677,108.924066835372,0.197634763393083,0.982362166001586,959.765180739676,17
0.530837145844728,79.2695031617397,0.335571395700926,0.83188932752935,13,0.672683896503818,108.924580645151,0.173462192012299,1.11925542167036,959.765180739755,17
0.891484876681691,-167.063271739548,0.489683285166477,0.337334399558995,14,0.7414798269342,-179.999953508882,0.0792898597968498,0.787271305139881,971.31759763076,17
0.865057867660831,-79.4137409719809,0.361346588966586,0.334205933445533,15,0.91071772454899,-79.4544023614376,3.29242033362046e-08,0.461983736852254,972.669000739339,17
0.557485777953791,10.2882109185666,0.0921532467180116,0.0508283242784915,16,0.840450594774996,10.3971549042388,1.44945904475407e-07,0.557334352261391,972.669000329303,17
0.688571650589485,136.881583633226,0.214268356154684,0.0510224124074654,17,0.700077011186397,108.924267040739,0.200979212525665,0.966014861891808,959.765180739436,17
0.885059074930538,13.0567627880135,0.249080934848297,1.43110863374029,18,0.719032717120596,11.7183539495495,2.75581341033314e-08,0.866285306423041,972.668999129296,17
0.640775782250265,-124.507802281294,0.248020567486719,0.762487643211206,19,0.850427008312138,-125.000512152669,9.4061981238238e-09,0.541467674195926,972.668999129903,17
0.951423360012729,-170.794143583003,0.0945463589445373,0.595408466992436,20,0.725280962854016,-179.999767544835,0.0739708425869862,0.843880048120005,971.317623230538,17
0.96353074425724,25.1307645949149,0.102199855150691,0.0831115862847524,1,0.672658684398414,100.788539979706,0.127414050129607,1.04139343728265,969.513440028451,18
0.881146124401541,-167.952119548136,0.253244372769244,0.000874467123316285,2,0.748387432246792,-179.999180913303,0.0344491865918467,0.717858593310923,975.399689085088,18
0.922346144785769,54.7190517376285,0.193020586609565,2.90303815180173,3,0.666549012985256,100.788733282609,0.122905284738453,1.07959694125355,969.513440028309,18
0.585341452597012,-94.5921979955957,0.148098878459822,0.344261084503268,4,0.826935340214795,-94.6927170447673,8.24212132445525e-07,0.545225102791952,975.612958231008,18
0.859724795805684,35.2787194671718,0.044203101628668,2.09283577950824,5,0.697594448387388,100.789466844862,0.145815428972738,0.909973521387201,969.513440029,18
0.749713722397999,-117.87539420646,0.442366746574553,0.591409887349116,6,0.846895346372034,-117.90611353928,5.41192211265635e-08,0.513852477283132,975.612920324929,18
0.790193949260046,71.7718174610667,0.224999919783936,0.0482370645748272,7,0.650212873526859,100.788867608057,0.110850097841912,1.19700563342117,969.513440028281,18
0.884888907727952,-29.7126127256332,0.0179025937001016,0.852564588344739,8,0.755599387621149,-29.6570322731318,9.59500897374817e-09,0.697392777979613,975.612918724927,18
0.799149553168723,-70.3841052737937,0.304200306922461,0.31466218317508,9,0.817298290160808,-70.2949496196313,6.26295671417462e-09,0.561784128319256,975.612918645215,18
0.514886692779999,-92.0307665414101,0.26022206142306,0.125555866724498,10,0.879949367887744,-91.9896809139014,3.79512616214072e-08,0.469149191470124,975.612919924952,18
0.891855479835422,-6.48592224500899,0.284359350672285,0.499638381259586,11,0.837200387635149,-6.29576675591121,5.59033294000085e-09,0.528626576598313,975.612918404926,18
0.814219658087405,-138.282701667969,0.117399873930929,0.660161673762653,12,0.903975056093991,-138.457241598949,7.70225332417003e-10,0.441248031744649,975.612918340939,18
0.635742152376279,-53.1057447621317,0.262392155233681,0.18138380998951,13,0.849639862467621,-53.181231002997,1.89524651438927e-07,0.50981925908987,975.61292632521,18
0.656596697634165,125.256626294108,0.110615711064353,2.76492341376277,14,0.694019728635222,100.788763363649,0.143177504041484,0.926739785965751,969.513440028305,18
0.870363430400556,-15.1638126590369,0.317398010476707,0.69432621752248,15,0.920696755312134,-15.802808821847,2.28875833682268e-08,0.423709362172642,975.612918724925,18
0.812262126816186,156.489430098415,0.233571166852019,0.393439867701793,16,0.620533065701174,100.78872828828,0.0889477749502468,1.4917539789075,969.513440028303,18
0.712607807666488,-52.9610822826992,0.455356550564024,1.60133353818492,17,0.625021918354073,-52.9307735880877,3.39560915897979e-09,1.42577524748833,975.612918724927,18
0.821591880134831,-160.676039798359,0.302464940167691,1.67504468966546,18,0.831671109830423,-150.190247800442,1.23914794570735e-07,0.53743964336932,975.612920324919,18
0.608254496545206,-71.2799384724313,0.480618480944152,1.46891470703366,19,0.793903553080911,-71.2190107427567,5.78253452608231e-07,0.606501920930227,975.612950327587,18
0.929557600741294,108.819165446645,0.13812611815731,0.406598522763012,20,0.660380055945917,100.789191269382,0.118352811983314,1.12112301266187,969.513440028508,18
0.753130164985525,-142.033514894492,0.256194272414675,0.00952744252976559,1,0.839894307111441,-142.086742205605,2.75873528091454e-09,0.532875977842147,974.894169915523,19
0.94021010490215,-47.7608461510665,0.364372653336133,0.141342275160595,2,0.932218950595871,-47.6586440026156,4.8705026612726e-08,0.419050544433774,974.894171835519,19
0.742979519386389,-153.094155100213,0.207645930068183,0.560969877079426,3,0.842794835209385,-153.273376978904,2.27223703696373e-08,0.528366986048604,974.894170237667,19
0.893598422994541,80.8115040168852,0.322291227097585,0.490145682958673,4,0.656533447652893,99.9504450801808,0.14296899109226,1.17317582048696,965.197156894335,19
0.719702125963869,-45.0433736706101,0.4930780522329,2.07827098754444,5,0.714750125504604,-44.271474235063,2.51903976607781e-10,0.843405961936846,974.89416985553,19
0.762807404660981,-90.1802108009864,0.147566278149959,0.0177944335299,6,0.937371837832786,-90.1870936497579,4.24021962111879e-08,0.414112851231426,974.894171841473,19
0.742626713864736,-113.087193136888,0.192445105679158,0.310967893815852,7,0.886674262105286,-113.28094830705,3.51894064881645e-08,0.468408579997516,974.894171435519,19
0.629583329326198,-75.8418863173532,0.222402389211211,0.116317959432901,8,0.811012649206974,-75.3594905783343,5.93852874005682e-09,0.582360848069987,974.894170235516,19
0.815842155380221,-44.1016439651389,0.0489172287148031,0.102495317215806,9,0.73674618149662,-44.0991952735802,2.78284656684437e-10,0.765045202349968,974.894169855528,19
0.68564260161283,169.014124920764,0.0825938385513377,0.346339074276946,10,0.697709092500149,99.9503938091301,0.180576804400623,0.928845090326405,965.197156894362,19
0.595706293912368,-19.6552972552538,0.0618344942069044,0.0928137445207141,11,0.844265947510948,-19.6150531354642,1.32779583829404e-08,0.526109314178097,974.894170235526,19
0.671861404036185,68.7682101395711,0.113894189189898,1.11456795970176,12,0.652500716101152,99.9504072318399,0.139285712936314,1.20419932688453,965.197156894347,19
0.861561465461612,170.978003656417,0.0539837227909993,1.29173868613019,13,0.658939466078383,99.9506103012349,0.14516647946725,1.15541627316599,965.197156894377,19
0.6102515472542,154.101355571525,0.0170217506315036,1.87182165920302,14,0.679740759683662,99.9503702888337,0.164165423871797,1.02170029860744,965.197156894369,19
0.895366792667566,109.751525824526,0.163996779859228,0.52681086209672,15,0.664056010295025,99.9504271996918,0.149839830155488,1.11938176817418,965.19715689436,19
0.670889629750379,51.8012145520502,0.404705876229734,1.40805607526136,16,0.679552651877931,99.9505166716961,0.163993419090192,1.02277099397185,965.197156894333,19
0.513869889158542,84.5759262415696,0.441751411527823,0.544958819218505,17,0.670362606357033,99.9503573089204,0.155599862655319,1.07794353294755,965.197156894381,19
0.726344668281138,86.8654273631663,0.339145347774094,3.73952363367433,18,0.679714643042294,99.9503965076316,0.164141531724801,1.02184869673688,965.19715689435,19
0.744007824080212,-152.807130087331,0.275566457824117,0.0572831795074079,19,0.841581990316848,-152.887526107668,2.20302299225854e-08,0.530243546639146,974.894170235528,19
0.770290851904508,24.7808161490684,0.354590727325242,1.15719935350152,20,0.679631740371857,99.9504826101212,0.164065743919413,1.02232037754398,965.197156894328,19
0.77402875645913,-35.7249516334933,0.141211533929361,0.249328591444334,1,0.878744692049349,-35.6206617888548,7.27948366929576e-09,0.596688357291836,962.277808236934,20
0.955057467822837,-35.925779651675,0.0437193706530601,1.28385106558482,2,0.735946915322352,-35.6596775709195,4.53230215048981e-09,0.957810320145932,962.27780823696,20
0.509738278267705,178.75930768295,0.0328823172844495,1.61815098210851,3,0.691998295000441,103.300210761317,0.150530106668173,1.19579826604592,951.329051052601,20
0.684143455671283,91.3176990205091,0.288020852247096,1.3888225303051,4,0.707028276380888,103.300204131555,0.162313893458985,1.10898456147353,951.329051052605,20
0.896886309362705,98.3384173598213,0.295283684491149,0.458093914052987,5,0.691803271007998,103.300345297125,0.150377089681921,1.1970129016457,951.329051052544,20
0.995645153253931,133.249852826565,0.438928793715531,0.86449632409977,6,0.67040170390626,103.300343380242,0.133597870371687,1.34735214187014,951.32905105252,20
0.799764276642381,-70.8357703166054,0.422426988618995,1.01025211227701,7,0.750241102753399,-70.8285488655379,3.64465482351083e-09,0.903099373310069,962.277808236936,20
0.758014225369847,21.8947134478314,0.427529269562788,1.12950783280372,8,0.589186185144037,103.300415657459,0.0699234874988837,2.5742912463487,951.329051052524,20
0.951313982065536,-22.1912097479363,0.334655269715371,0.0777909168514932,9,0.873459087966711,-22.0616579925859,9.34916730573862e-09,0.605133449474885,962.277808236933,20
0.942745324465734,14.1863160106407,0.379021056644222,1.58138700436616,10,0.696604245527701,103.300327647,0.154141122428411,1.16778363362281,951.329051052517,20
0.75903879087035,63.2438788065842,0.078144018372531,2.58978976707786,11,0.691832981002324,103.300421694758,0.150400291117943,1.19682859167824,951.329051052526,20
0.640375144633735,94.2018754376264,0.492164920622375,0.0368306684690303,12,0.714572489476305,103.300308950434,0.168228462399535,1.06999379347073,951.329051052518,20
0.917636774301407,-105.938341564869,0.0792368753637688,1.83331441675297,13,0.667306735564362,-104.310453200262,2.73549922758805e-09,1.35076764655838,962.277808236936,20
0.53937111977387,-46.9756394718952,0.261175876955489,0.994901838449563,14,0.941662701113218,-46.7242391593279,7.38695481294512e-09,0.511685957906306,962.277808236935,20
0.669194682718569,-147.870997080651,0.444219965553961,0.380191645570677,15,0.818683885130743,-148.184166758331,1.45384712521978e-08,0.709143231404052,962.277808236907,20
0.603301981872534,90.7891595757843,0.305668682583922,1.02346176402787,16,0.704327068850456,103.300315494933,0.16019582450129,1.12364550882737,951.329051052518,20
0.558966431099574,-90.9672771965828,0.181261823048421,0.989273790516851,17,0.814221483701456,-91.0896023062878,4.69994877438998e-09,0.719214250606426,962.277808236935,20
0.842169735516596,179.04589851976,0.483420147856464,4.44271031386346,18,0.692398141906968,103.300370846238,0.150843569152596,1.19331262129006,951.329051052524,20
0.914863152822645,138.036382624903,0.1447650556552,1.5075495392291,19,0.702760118578324,103.300301168054,0.15896742441333,1.13232928351455,951.329051052522,20
0.59770630523477,-30.7877664191968,0.03086562482469,1.48208386128841,20,0.6941831417437,-30.6979230517346,4.05010551719819e-09,1.16381152200614,962.277808236935,20
