TDT_time,x,y,likelihood,trial
26.164197401321093,263.20108032226557,261.34109497070307,0.9998503923416138,1
26.260302965933608,281.38729858398443,272.61209106445307,0.9999563097953796,1
26.356203789249548,298.71588134765625,286.7971496582031,0.9998766183853148,1
26.452288879732407,305.18109130859375,293.7549133300781,0.9997479319572448,1
26.564118575921913,306.1670837402344,297.2505187988281,0.9979273080825806,1
26.659998925108194,308.7919006347656,299.7274475097656,0.9984045028686525,1
26.75596117081311,309.38763427734375,303.927734375,0.999595046043396,1
26.85212815781459,310.24615478515625,303.8121643066406,0.9996126890182496,1
26.96389643161513,310.2835998535156,304.7015075683594,0.9998285174369812,1
27.06018626339456,311.16729736328125,305.9937438964844,0.9992382526397704,1
27.155902819543577,313.1618347167969,308.2978515625,0.9992689490318298,1
27.252192651323014,316.5490417480469,308.3307800292969,0.9994319677352904,1
27.363817606215946,319.0157775878906,310.7086486816406,0.9973471164703368,1
27.459882222569146,322.14862060546875,315.30242919921875,0.9993925094604492,1
27.555803520014738,319.7497863769531,313.9312744140625,0.9993233680725098,1
27.65178623984931,319.7573547363281,321.77935791015625,0.9999690055847168,1
27.76375925494642,310.1775207519531,344.533447265625,0.9981244802474976,1
27.859803397169962,269.32766723632807,376.98828125,0.6461937427520752,1
27.955786117004532,245.36016845703125,379.4871520996094,0.7665638923645021,1
28.06814814056513,226.94586181640625,397.4337768554688,0.001218736171722412,1
28.163762326065868,152.46450805664062,350.6948547363281,0.0022965967655181885,1
28.25980646828941,124.87605285644531,314.89337158203125,0.0006181299686431885,1
28.355666343346037,138.4046630859375,352.6322021484375,0.0012643039226531982,1
28.46794647038801,93.98119354248048,381.7943115234375,0.002071768045425415,1
28.563622078277717,81.07723236083984,383.3570861816406,0.0009444653987884519,1
28.65997333244612,57.38284301757813,311.9692077636719,0.9839909076690674,1
28.75632458661452,58.2724838256836,304.57720947265625,0.999472200870514,1
28.867581007173623,56.27192687988281,300.6838684082031,0.9975653290748596,1
28.963543252878534,57.19878768920898,298.3170471191406,0.9997078180313109,1
29.05960786923173,55.913063049316406,296.2810363769531,0.999831199645996,1
37.970379052917956,333.88189697265625,317.60491943359375,0.9995228052139282,2
38.06617750558561,331.1269226074219,318.52752685546875,0.99933660030365,2
38.16232401845743,328.36749267578125,317.36285400390625,0.99953031539917,2
38.27411276638762,328.7540283203125,318.0789489746094,0.9997760653495787,2
38.370054537962865,327.4006652832031,319.0597839355469,0.9997758865356444,2
38.46620105083471,327.6781311035156,318.519775390625,0.9998581409454346,2
38.562920839336954,328.5511169433594,317.410888671875,0.9998235702514648,2
38.674074889247755,327.95794677734375,315.4799499511719,0.9998016357421876,2
38.770037134952666,329.04229736328125,313.9365539550781,0.9998266696929932,2
38.86612222543553,326.8944091796875,314.823486328125,0.9998430609703064,2
38.96210494527009,326.72265625,315.4315490722656,0.9998799562454224,2
39.07422127927481,326.672119140625,317.2451171875,0.9998443126678468,2
39.17001973194246,327.61505126953125,317.0364074707031,0.9998604059219359,2
39.265981977647364,329.0074768066406,316.2222595214844,0.9998247027397156,2
39.36204659400057,329.1603088378906,314.91375732421875,0.9998838901519777,2
39.47387629019008,327.46624755859375,315.866943359375,0.9997390508651732,2
39.56989995828396,327.5884094238281,315.2691650390625,0.9998092651367188,2
39.66602599702613,329.6378479003906,312.4541320800781,0.9999459981918336,2
39.761947294471724,331.1288757324219,314.0702819824219,0.9995394945144652,2
39.87396125782816,330.0752258300781,317.4292297363281,0.9994742274284364,2
39.96986208114409,327.3620300292969,317.2709655761719,0.9998097419738771,2
40.06584480097867,327.2884216308594,318.76568603515625,0.9997993707656859,2
40.161970839720844,327.7303771972656,317.80908203125,0.9998689889907836,2
40.273861958299314,328.0238342285156,315.8801574707031,0.9998658895492554,2
40.36984467813389,328.9819641113281,315.3368835449219,0.999882698059082,2
40.46603213926503,328.6849365234375,315.3282775878906,0.9999226331710817,2
40.56168727302508,328.8783874511719,315.3352966308594,0.9998693466186525,2
40.673680762251855,326.9816589355469,314.4049987792969,0.9997684359550476,2
40.76964300795676,314.7264709472656,314.9630126953125,0.9997143745422364,2
40.865871417347215,275.41574096679693,305.641845703125,0.9999920129776,2
40.96199745608939,244.83653259277344,302.48651123046875,0.9999731779098512,2
41.07364288511197,214.76593017578125,300.364013671875,0.9998528957366944,2
41.16976892385415,180.1621551513672,301.33587646484375,0.9999855756759644,2
41.26593591085564,152.07064819335938,298.25933837890625,0.9999562501907348,2
41.36165246700466,123.2365951538086,294.58636474609375,0.99990975856781,2
41.47364595623143,90.3804702758789,289.63421630859375,0.9999375343322754,2
41.569587727806685,74.23933410644531,290.3498840332031,0.9999891519546508,2
41.6665122576055,71.6551284790039,289.7011413574219,0.999991536140442,2
41.76181933116136,65.71723175048828,289.0842590332031,0.9999983310699464,2
41.87352618257293,61.41807556152344,286.2064514160156,0.99990713596344,2
41.96979554022271,59.474571228027344,282.1064453125,0.999952793121338,2
52.17590348495279,255.0597686767578,255.08233642578125,0.9994138479232788,3
52.272172842602565,277.7451171875,275.5001220703125,0.9996811151504515,3
52.38383874575482,301.84100341796875,292.3225402832031,0.9999519586563109,3
52.47992383623768,307.8439636230469,303.146728515625,0.9996567964553832,3
52.57586560781293,309.78948974609375,306.6924133300781,0.9999809861183168,3
52.67182785351785,313.39703369140625,310.1763000488281,0.9991943240165709,3
52.78375992035564,319.0538635253906,314.9284973144531,0.9983453750610352,3
52.88002927800541,325.5185546875,316.5460205078125,0.9994752407073976,3
52.97607342022895,326.94854736328125,315.7180480957031,0.9998348951339722,3
53.071810450507634,325.6304626464844,317.2221374511719,0.9997225999832152,3
53.183844887993715,321.908447265625,315.3759765625,0.999866247177124,3
53.27972523718,321.1065673828125,315.319580078125,0.9997941255569458,3
53.37570795701456,320.34320068359375,315.2944641113281,0.9996670484542848,3
53.471813521627084,322.31341552734375,313.13671875,0.9997527003288268,3
53.58362274368693,325.9000549316406,314.2142028808594,0.9999094009399414,3
53.67966688591047,325.11236572265625,315.4563293457031,0.9997808933258056,3
53.77564960574504,324.67431640625,315.0060119628906,0.999838411808014,3
53.87159137732029,320.8782043457031,313.0023193359375,0.9998654127120972,3
53.98354391828775,319.2194519042969,314.3170166015625,0.9997977614402772,3
54.082024481940536,318.35943603515625,314.3810729980469,0.999649465084076,3
54.17567315099415,314.7871398925781,313.2429504394531,0.9995874166488647,3
54.27159444843974,282.224365234375,284.7287902832031,0.9998571872711182,3
54.38364936005549,250.35435485839844,270.29666137695307,0.9998964071273804,3
54.479529709241774,224.65505981445312,262.39801025390625,0.999966323375702,3
54.57541005842805,178.06663513183594,259.77105712890625,0.9999445676803588,3
54.67149514891091,149.1171112060547,260.1566162109375,0.9999942779541016,3
54.78352958639699,114.42024230957031,259.97628784179693,0.9999840259552002,3
54.8794918321019,78.13518524169922,273.84555053710943,0.9995784759521484,3
54.97559739671441,71.18561553955078,281.44760131835943,0.9999775886535645,3
55.07145727177104,64.19203186035156,288.02008056640625,0.9999923706054688,3
55.183327916219866,61.67903518676758,288.946533203125,0.9999910593032836,3
55.28076429926011,57.87725830078125,290.4898681640625,0.9999927878379822,3
55.37560046783386,54.06281280517578,293.1676025390625,0.999999225139618,3
72.98879809181112,304.59576416015625,290.37249755859375,0.9999307990074158,4
73.08461701860844,305.6985168457031,295.708740234375,0.9998797178268432,4
73.19648766305725,307.3599853515625,301.1909484863281,0.9993362426757812,4
73.29255227941044,307.3865661621094,308.3732604980469,0.9998722076416016,4
73.38863736989329,310.7652282714844,312.04364013671875,0.9952980875968932,4
73.48449724494992,311.158935546875,315.48504638671875,0.9961937665939332,4
73.59659310482498,316.49383544921875,315.22991943359375,0.9929275512695312,4
73.69263724704851,317.20989990234375,316.08349609375,0.9941491484642028,4
73.78853807036447,314.4917907714844,314.58935546875,0.9983936548233032,4
73.88443889368041,311.45526123046875,312.4478454589844,0.998231053352356,4
73.9963709605182,305.9771728515625,311.6695861816406,0.9995421171188354,4
74.09245605100104,276.03323364257807,271.9637451171875,0.9997779130935668,4
74.18847971909493,252.89100646972656,250.3962554931641,0.9998741149902344,4
74.28436006828122,226.6406707763672,236.53500366210938,0.998756229877472,4
74.39623071273004,188.36769104003903,228.1809844970703,0.9999264478683472,4
74.49229532908325,147.8959503173828,231.41017150878903,0.999974489212036,4
74.58835994543645,115.67296600341795,235.60275268554688,0.9999879598617554,4
74.68454740656759,81.30465698242188,249.6950225830078,0.9994276762008668,4
74.79635662862744,67.34080505371094,271.44921875,0.9996628165245056,4
74.89229840020269,60.28471374511719,277.03173828125,0.9999839067459106,4
74.988117327,55.95498275756836,281.29281616210943,0.9999637007713318,4
75.08428431400151,57.55759811401367,287.0393981933594,0.9999619722366332,4
75.19623685496894,57.34716415405274,292.2267150878906,0.9999903440475464,4
75.2921786265442,56.075889587402344,295.70806884765625,0.9999932050704956,4
75.38816134637877,55.67352676391602,297.2895812988281,0.9999871253967284,4
89.19407171575766,282.10406494140625,243.0457305908203,0.9984586238861084,5
89.30586046368784,296.26971435546875,267.26153564453125,0.9996823072433472,5
89.40190460591141,305.4346008300781,285.366455078125,0.9999489784240724,5
89.49809206704252,308.70269775390625,294.2584228515625,0.9999862909317015,5
89.59411573513643,310.2843322753906,303.76434326171875,0.9998961687088012,5
89.70584306067764,311.2545471191406,309.1940002441406,0.9995508193969728,5
89.80184625464187,309.37969970703125,308.7293395996094,0.9999170899391174,5
89.89780850034677,310.0546875,308.0572814941406,0.9999128580093384,5
89.99387311669996,311.1806945800781,309.3224182128906,0.999794602394104,5
90.10586660592676,319.82427978515625,310.55316162109375,0.9992170929908752,5
90.20182885163166,324.2279052734375,312.0885925292969,0.9999529123306274,5
90.29779109733656,331.1020202636719,312.83612060546875,0.99948388338089,5
90.3939376102084,353.72607421875,312.12164306640625,0.9997825622558594,5
90.50574683226826,383.0846862792969,318.00054931640625,0.9998915195465088,5
90.6017500262325,397.6030883789063,321.8592224121094,0.9993882179260254,5
90.69769179780774,421.2497253417969,322.52349853515625,0.9999605417251588,5
90.80993097659041,445.416015625,322.1845703125,0.9998602867126464,5
90.90558611035044,474.70123291015625,322.1421813964844,0.9999440908432008,5
91.00183499387056,494.86029052734375,317.251708984375,0.999008297920227,5
91.0976334465382,524.6307983398439,311.0354309082031,0.9997795820236206,5
91.20981120293187,550.2911376953125,309.64569091796875,0.9999538660049438,5
91.30565060385887,569.9528198242188,302.8412170410156,0.9997224807739258,5
91.40173569434171,584.6028442382812,296.7796630859375,0.99982488155365,5
91.49775936243559,590.765625,296.8194580078125,0.999919295310974,5
91.60967095514374,590.6165161132812,295.55322265625,0.9999653100967408,5
91.705612726719,589.635986328125,294.7497863769531,0.9999712705612184,5
98.60041920780472,300.47357177734375,269.547119140625,0.99847811460495,6
98.7123717487722,301.9267883300781,272.627197265625,0.9985947608947754,6
98.80851826164402,304.0562744140625,282.4064636230469,0.9994550943374634,6
98.90435766257099,307.3244934082031,288.8714599609375,0.9997631311416626,6
99.00048370131316,309.130126953125,293.7332458496094,0.9977195262908936,6
99.11229292337299,312.1472473144531,295.601318359375,0.9931930303573608,6
99.20845991037451,316.7592468261719,298.0639953613281,0.9876977801322936,6
99.30427883717181,317.1894226074219,298.0426330566406,0.9975988864898682,6
99.40052772069193,309.933349609375,306.55377197265625,0.9999021887779236,6
99.51237789101108,278.02395629882807,329.98370361328125,0.9626566171646118,6
99.60928194668024,250.232666015625,348.1241455078125,0.9980207681655884,6
99.70450712371748,229.5720672607422,358.67291259765625,0.999053955078125,6
99.80030557638514,199.406494140625,361.5849609375,0.5334632992744446,6
99.91242191038984,168.1004638671875,345.78057861328125,0.9986367225646972,6
100.00824083718716,139.04385375976562,324.70428466796875,0.9983174800872804,6
100.1042849794107,106.2197036743164,321.66650390625,0.9996641874313354,6
100.20032912163424,87.17910766601562,314.4918212890625,0.9999579787254332,6
100.31236355912031,79.40977478027344,310.2902526855469,0.9997799396514891,6
100.40824390830662,70.00797271728516,303.26654052734375,0.9999550580978394,6
100.5042266281412,67.54422760009766,300.39434814453125,0.999990463256836,6
100.61619964323828,64.70061492919922,296.28924560546875,0.9999833703041076,6
100.71226425959148,61.99901962280274,291.26434326171875,0.9999847412109376,6
100.8079808157405,61.79979705810547,287.5098571777344,0.9999420642852784,6
115.71791767864319,333.1657409667969,319.0523681640625,0.9992566108703612,7
115.81387992434809,328.7872009277344,315.0933532714844,0.9995354413986206,7
115.92562772401895,328.6517639160156,314.97076416015625,0.9996376037597656,7
116.02169234037216,328.5143737792969,315.8143615722656,0.9996740818023682,7
116.11781837911434,329.36102294921875,315.39544677734375,0.9997704029083252,7
116.21388299546754,329.0001220703125,312.0079650878906,0.9998231530189514,7
116.32563079513842,330.6947021484375,311.87127685546875,0.9996790885925292,7
116.42183873039923,348.1175842285156,316.8044738769531,0.9992673397064208,7
116.51778050197449,373.7977294921875,318.1816711425781,0.9997751712799072,7
116.61361990290143,396.0400085449219,314.3682556152344,0.999730110168457,7
116.72567481451719,411.8794555664063,314.5359191894531,0.9995826482772828,7
116.82178037912969,437.3246154785156,315.126708984375,0.9997408986091614,7
116.91809068503879,461.229736328125,313.31646728515625,0.9998271465301514,7
117.01354107750223,490.3926086425781,306.9083557128906,0.9999231100082396,7
117.12551409259936,521.5895385742189,301.1630859375,0.9998500347137452,7
117.22149681243393,547.0199584960939,295.8012390136719,0.999948501586914,7
117.31762285117613,567.8513793945312,294.2206726074219,0.9999370574951172,7
117.41358509688101,582.8424072265625,293.7737121582031,0.9999632835388184,7
117.52545574132984,588.0648803710938,294.245849609375,0.9999768733978271,7
117.62141798703476,589.9801635742188,293.54229736328125,0.9999573230743408,7
117.7173802327397,590.518310546875,293.504150390625,0.9999752640724182,7
117.8134243749632,590.8565063476562,292.88287353515625,0.9999821186065674,7
128.13166912782768,317.00994873046875,342.5949401855469,0.9996786117553712,8
128.22804085612574,328.1206970214844,327.56072998046875,0.9928144216537476,8
128.3237778864044,334.295166015625,318.8373718261719,0.9963597059249878,8
128.41961728733136,335.73284912109375,315.72308349609375,0.9989578723907472,8
128.53185646611405,332.25042724609375,313.7103576660156,0.9996352791786194,8
128.62775728942998,331.34429931640625,317.1128845214844,0.9997573494911194,8
128.72384237991287,331.6504821777344,315.612548828125,0.9995425939559937,8
128.82013221169223,329.6982727050781,315.40277099609375,0.9994722604751588,8
128.93151147702932,331.63397216796875,315.8395690917969,0.9997942447662354,8
129.02759656751218,328.8168640136719,317.9576416015625,0.9997973442077636,8
129.1236407097357,327.80517578125,316.8099365234375,0.9998074769973756,8
129.23544993179556,327.3587646484375,317.6527099609375,0.9994767904281616,8
129.33169881531563,328.2525329589844,317.3327941894531,0.999679148197174,8
129.42759963863162,329.1573486328125,314.8919677734375,0.9996786117553712,8
129.52345951368824,329.4400634765625,313.92822265625,0.9998422861099244,8
129.63547347704466,327.0485534667969,313.9872131347656,0.9998305439949036,8
129.73161998991648,322.73089599609375,313.5716247558594,0.9995620250701904,8
129.8275412873621,281.516357421875,285.3909606933594,0.99993634223938,8
129.92362637784495,251.9605255126953,267.48599243164057,0.9998881220817566,8
130.03555844468278,225.46603393554688,255.1576995849609,0.9999006986618042,8
130.13137737148006,189.93685913085938,240.0375061035156,0.9998942613601683,8
130.22740103957392,157.70321655273438,240.55203247070312,0.9995988607406616,8
130.3233837594085,123.18643188476562,230.3423614501953,0.999963879585266,8
130.43550009341322,86.08460998535156,237.9588165283203,0.999106764793396,8
130.53135996846984,68.82152557373047,254.01596069335938,0.8774640560150146,8
130.6274450589527,63.47407913208008,270.19137573242193,0.9997740983963012,8
130.72353014943556,57.8023452758789,280.94354248046875,0.9997473359107972,8
130.8351551043285,55.12995529174805,287.9081726074219,0.9999191761016846,8
130.93152683262656,56.51490783691406,294.36224365234375,0.9999911785125732,8
131.0273252852942,58.4463005065918,298.7063903808594,0.9999250173568726,8
131.12334895338807,58.39533615112305,298.7613525390625,0.9999200701713562,8
153.7436178298958,333.2491760253906,311.93994140625,0.9997265338897704,10
153.83978481689732,333.5125427246094,317.079833984375,0.9983800649642944,10
153.95143024591988,334.6181945800781,317.2480773925781,0.9986116886138916,10
154.04774055182898,332.96942138671875,316.5027160644531,0.99878191947937,10
154.14378469405253,331.0785217285156,314.79400634765625,0.999464750289917,10
154.23948077607187,329.65081787109375,317.38824462890625,0.9996975660324096,10
154.35169948072488,331.37982177734375,317.0464782714844,0.9995290040969848,10
154.4474569851332,329.6796875,315.2760009765625,0.9998288154602052,10
154.5435625497457,329.2911682128906,313.8879699707031,0.99980229139328,10
154.63960669196928,329.56390380859375,312.9353942871094,0.9997922778129578,10
154.751600181196,329.60101318359375,312.67950439453125,0.9998118877410888,10
154.84795143536445,328.42376708984375,312.11944580078125,0.999803066253662,10
154.94358609499486,325.2720947265625,313.100341796875,0.9996750354766846,10
155.03926170288457,322.4884033203125,314.6591491699219,0.999893069267273,10
155.1513780368893,324.0281677246094,314.4943542480469,0.999881386756897,10
155.24723791194592,323.005615234375,315.80767822265625,0.9998083114624025,10
155.34332300242875,323.1927795410156,315.44989013671875,0.999742031097412,10
155.439264774004,324.85784912109375,315.3262023925781,0.9998995065689088,10
155.55146300452733,325.2997131347656,315.5666809082031,0.9998857975006104,10
155.647261457195,326.9658508300781,319.556884765625,0.999865472316742,10
155.7433260735482,329.989013671875,316.9204406738281,0.9997828602790833,10
155.83941116403102,329.14886474609375,312.2181396484375,0.9998605251312256,10
155.95119991196125,330.5677795410156,313.51776123046875,0.9995304346084596,10
156.04869771739047,349.49420166015625,314.087646484375,0.999439001083374,10
156.14318582576004,377.0710144042969,316.6657409667969,0.9995019435882568,10
156.2392094938539,397.3618469238281,321.37335205078125,0.9998749494552612,10
156.3511620348214,416.4629821777344,322.07049560546875,0.9998982548713684,10
156.44714475465594,448.46185302734375,323.2688293457031,0.9999462366104126,10
156.54310700036086,473.00518798828125,321.4130554199219,0.9999169111251832,10
156.63935588388097,494.82135009765625,320.25567626953125,0.9998487830162048,10
156.75108320942218,527.8446044921875,316.5218811035156,0.9995015859603882,10
156.84704545512707,552.1119995117189,310.5670166015625,0.9999592304229736,10
156.94302817496168,569.3112182617188,302.1756591796875,0.9997723698616028,10
157.03905184305555,583.71435546875,299.095458984375,0.9997992515563964,10
157.15102485815268,589.0953979492188,297.3923645019531,0.9996955394744872,10
157.24700757798726,591.7477416992188,297.2382507324219,0.9997578859329224,10
157.34305172021078,592.10595703125,298.05352783203125,0.9997428655624391,10
157.43895254352668,592.070556640625,297.7767639160156,0.9997560977935792,10
166.44595213660338,314.67340087890625,315.9017333984375,0.9996638298034668,11
166.557536143237,316.38507080078125,313.959716796875,0.999589204788208,11
166.65401024218338,315.9713439941406,313.9809875488281,0.9994011521339417,11
166.74954253116547,315.35076904296875,313.294189453125,0.9995933771133424,11
166.845586673389,315.9765319824219,315.1591491699219,0.999680519104004,11
166.95731399893023,318.5405578613281,314.9405517578125,0.9994211792945862,11
167.05337861528344,319.0545959472656,313.9547119140625,0.999602198600769,11
167.1496479729332,311.19879150390625,310.7552795410156,0.9996354579925536,11
167.24591733058296,288.2711181640625,288.7878723144531,0.9999712109565736,11
167.35774702677247,272.428955078125,281.77362060546875,0.999947190284729,11
167.45352500531047,270.60421752929693,286.43719482421875,0.9998160600662231,11
167.54940535449674,281.7313537597656,292.7716369628906,0.9999738931655884,11
167.645347126072,292.70330810546875,299.90106201171875,0.9992654919624328,11
167.75736108942846,301.84442138671875,307.4588928222656,0.9999276399612428,11
167.8533028610037,305.8606872558594,311.476806640625,0.9998936653137208,11
167.9503297614508,310.6273193359375,312.0402526855469,0.9998210668563844,11
168.06127907006504,311.8488464355469,313.0616760253906,0.9996007680892944,11
168.15734368641824,312.94415283203125,311.33123779296875,0.9990901947021484,11
168.25346972516041,312.92779541015625,311.416259765625,0.9995451569557191,11
168.3494319708653,313.7732849121094,311.3243713378906,0.9993858933448792,11
168.46122071879552,313.3938293457031,312.6540222167969,0.998955011367798,11
168.55724438688938,313.0863952636719,313.2911376953125,0.9984800815582277,11
168.65326805498327,312.4537048339844,315.4418640136719,0.9984956979751588,11
168.74933267133645,312.8908386230469,313.8106994628906,0.9986738562583924,11
168.86108047100734,313.2369079589844,312.7034912109375,0.9988691806793212,11
168.95761599234268,312.2057800292969,316.10198974609375,0.998554229736328,11
169.05310733306547,312.5346374511719,314.3671569824219,0.9979599714279176,11
169.15181311214448,306.5580139160156,313.060302734375,0.9999440908432008,11
169.26110401625647,280.54495239257807,294.5630187988281,0.9999763965606691,11
169.35714815848,262.16989135742193,287.00885009765625,0.9999910593032836,11
169.45308993005526,247.3012237548828,283.5930480957031,0.9999557733535768,11
169.5491340722788,229.09266662597656,279.48782348632807,0.9999966025352478,11
169.66118898389453,205.5139923095703,273.68826293945307,0.9999012351036072,11
169.7571512295995,176.6366729736328,274.18853759765625,0.9999761581420898,11
169.85311347530438,147.47726440429688,278.27066040039057,0.9999927878379822,11
169.9491166692686,116.03411865234376,278.65289306640625,0.9999805092811584,11
170.0610077878471,88.27117919921875,282.4585876464844,0.9997746348381042,11
170.15703145594097,73.08838653564453,281.25927734375,0.9999515414237976,11
170.2528708568679,68.31595611572266,283.5762634277344,0.9999966025352478,11
170.3490583179991,65.69003295898439,290.83294677734375,0.9999991059303284,11
170.4616455569859,60.86880874633789,291.82318115234375,0.9999929666519164,11
170.55697310467144,57.73079681396485,288.1033020019531,0.9999933242797852,11
170.65289440211703,57.30852127075195,283.87420654296875,0.9999569654464722,11
170.74891807021092,60.22864532470703,283.0782470703125,0.9999108314514159,11
170.86115724899358,61.77353286743164,283.27520751953125,0.9999255537986756,11
170.9567714344943,61.89310836791992,283.5484924316406,0.9999175071716307,11
179.1636625146838,298.58746337890625,287.84454345703125,0.9996101856231691,12
179.259665708648,306.4835510253906,298.80755615234375,0.9999488592147828,12
179.35552558370463,309.8909912109375,308.7822570800781,0.9999446868896484,12
179.46762144357967,317.0812683105469,316.65185546875,0.9997400045394896,12
179.56350179276595,327.0971984863281,311.95166015625,0.9998481273651124,12
179.6597302021564,328.5050048828125,314.5898742675781,0.999858021736145,12
179.7555286548241,328.61016845703125,311.9639587402344,0.9999356269836426,12
179.8672559803653,337.0683898925781,311.40460205078125,0.9996978044509888,12
179.96350486388542,352.73077392578125,309.566650390625,0.999841034412384,12
180.05926236829376,377.8388977050781,310.300048828125,0.9999345541000366,12
180.1555522000732,398.9699401855469,308.1685485839844,0.9999647736549376,12
180.26760711168893,414.2739562988281,308.35089111328125,0.999916672706604,12
180.363323667838,436.2508850097656,310.3474426269531,0.9998820424079896,12
180.45969539613603,463.3215026855469,308.9111022949219,0.999979555606842,12
180.55541195228506,487.8058471679688,303.8434753417969,0.9998400807380676,12
180.66734401912285,511.8059387207031,302.0377502441406,0.9993512630462646,12
180.7635110061244,543.127197265625,302.3440856933594,0.9998387098312378,12
180.85924803640305,566.8787231445312,301.81878662109375,0.999897837638855,12
180.9555173940528,580.6987915039062,295.4986572265625,0.9999153614044191,12
181.06718329720505,589.7412719726562,293.02911376953125,0.9999725818634032,12
181.1648448956715,591.550048828125,294.0384826660156,0.999986171722412,12
181.25925110752246,591.0966796875,295.2932434082031,0.9999701380729676,12
181.35507003431977,591.0578002929688,295.9554748535156,0.9999593496322632,12
181.46710447180584,591.1588745117188,295.8133850097656,0.999954342842102,12
188.26633771565014,296.72479248046875,334.1531982421875,0.9995059967041016,13
188.3622590130957,302.5958557128906,317.4959411621094,0.9997810125350952,13
188.47464151078603,307.3349304199219,315.0287780761719,0.9999060034751892,13
188.5704604375833,311.0605773925781,313.08551025390625,0.9999288320541382,13
188.6661565196027,313.245849609375,311.81103515625,0.9997496604919434,13
188.76205734291864,314.39105224609375,312.6509094238281,0.9990074634552002,13
188.8739075132378,321.0381774902344,316.3005676269531,0.9999075531959534,13
188.97171243061192,337.34649658203125,316.4665832519531,0.9944537281990052,13
189.06607769420356,377.0021667480469,320.50408935546875,0.9490166306495668,13
189.16218325881604,409.12152099609375,316.7402648925781,0.9996110200881958,13
189.27386963609797,432.4111328125,312.352294921875,0.9995368719100952,13
189.37022089026638,452.3685607910156,313.8424987792969,0.9984365701675416,13
189.4659169722857,491.3631286621094,315.12738037109375,0.997834324836731,13
189.56187921799062,527.3399658203125,311.5264587402344,0.9998273849487304,13
189.67397507786566,554.316162109375,305.40106201171875,0.9999752640724182,13
189.77010111660786,574.5868530273438,299.8720397949219,0.9998021125793456,13
189.8657971986272,589.0576782226562,297.46295166015625,0.999658703804016,13
189.96173897020248,591.6045532226562,296.1770935058594,0.9997019767761229,13
190.07369151116995,591.8850708007812,295.8567199707031,0.9997302889823914,13
190.170001817079,590.826904296875,296.5166015625,0.9998124837875366,13
190.2656978990984,591.4185180664062,296.83966064453125,0.9998552799224854,13
190.36178298958126,590.6098022460938,294.8352966308594,0.999929428100586,13
200.47201058512505,305.8890075683594,308.9466552734375,0.9996260404586792,14
200.5683823134231,312.53912353515625,306.7117614746094,0.9982619285583496,14
200.6801096389643,313.2216491699219,303.3525390625,0.9782404899597168,14
200.77609235879888,312.5979309082031,305.8690185546875,0.9949456453323364,14
200.8725459836156,313.85516357421875,308.7176818847656,0.9877649545669556,14
200.96803732433838,313.59625244140625,307.5036926269531,0.991249680519104,14
201.07996939117612,311.7198791503906,306.0223388671875,0.9932930469512941,14
201.17627969708528,307.78863525390625,300.9057922363281,0.9996110200881958,14
201.27234431343845,305.38116455078125,292.08868408203125,0.9995014667510986,14
201.36812229197642,314.2435607910156,250.39773559570312,0.9655824303627014,14
201.48001341055493,326.7701721191406,225.03341674804688,0.9997053146362304,14
201.576446561242,341.8752136230469,218.63575744628903,0.999690055847168,14
201.67187647957581,367.9188232421875,216.4612274169922,0.999971091747284,14
201.78403376183982,398.427734375,217.22886657714844,0.9999381303787231,14
201.88001648167443,427.6239318847656,220.7570343017578,0.9999575018882751,14
201.975876356731,452.5594482421875,233.00547790527344,0.9999796748161316,14
202.07206381786213,481.3373107910156,248.54171752929688,0.9998843669891356,14
202.1838525657924,509.1373291015625,259.84732055664057,0.9999569058418274,14
202.27983528562686,537.5489501953125,265.231689453125,0.999331831932068,14
202.37592037610975,562.1583251953125,272.31497192382807,0.999420404434204,14
202.47175977703674,582.2254028320312,277.1485595703125,0.9998424649238586,14
202.5837942145228,592.7518920898438,286.64556884765625,0.9999417662620544,14
202.67998167565395,595.3095092773438,290.3537902832031,0.9999806880950928,14
202.7768038348045,596.0324096679688,291.01873779296875,0.9999731183052064,14
202.8719471153231,597.0593872070312,292.68988037109375,0.9999766349792479,14
202.983633492605,596.3214111328125,293.97247314453125,0.9999690651893616,14
203.0797595313472,596.664306640625,295.0356140136719,0.9999583959579468,14
209.07882283991532,307.2484130859375,308.9448547363281,0.9998828172683716,15
209.17478508562024,310.8482360839844,312.1803894042969,0.9997838735580444,15
209.28665573006907,312.7533874511719,313.5745544433594,0.9996961355209352,15
209.38263844990365,313.72705078125,315.1344909667969,0.9991544485092164,15
209.4786211697382,315.1764221191406,314.69427490234375,0.9990221261978148,15
209.5747472084804,330.76263427734375,313.3494567871094,0.9997669458389282,15
209.68667927531814,361.3287963867188,310.0406188964844,0.928625464439392,15
209.78274389167137,405.1955261230469,306.94512939453125,0.9998236894607544,15
209.87850139607968,427.21783447265625,298.219482421875,0.999822199344635,15
209.97462743482188,452.5548706054688,293.4273376464844,0.9998568296432496,15
210.0865595016597,484.9065246582031,292.9765930175781,0.9999221563339232,15
210.18268554040185,522.2156982421875,297.8276672363281,0.9995254278182985,15
210.2785863637178,557.3206787109375,294.1495056152344,0.99994158744812,15
210.37471240245998,573.4885864257812,291.6266174316406,0.9999796152114868,15
210.48660352103846,585.215576171875,292.3356018066406,0.9999659657478333,15
210.58264766326198,589.9154663085938,293.8252258300781,0.99996155500412,15
210.67848706418891,590.3372192382812,294.6136169433594,0.9999253749847412,15
210.77444930989387,590.8546752929688,295.23870849609375,0.9999410510063172,15
210.88642232499095,590.828125,296.0140380859375,0.9999525547027588,15
224.6922712719809,305.19873046875,282.4989013671875,0.9998268485069276,16
224.78843825898238,304.2676086425781,288.98785400390625,0.9999006986618042,16
224.8843390822983,305.84954833984375,291.2814025878906,0.9997487664222716,16
224.99657826108097,310.68316650390625,294.56341552734375,0.9929003119468688,16
225.0921719724521,312.2247009277344,296.27398681640625,0.98940509557724,16
225.18817516641627,312.94903564453125,298.70001220703125,0.9936755895614624,16
225.28434215341775,312.0729675292969,300.06005859375,0.9976292848587036,16
225.39604900482934,312.63922119140625,302.6336669921875,0.9983972907066344,16
225.49203172466392,312.4054260253906,300.6959228515625,0.9978586435317992,16
225.58811681514675,305.05511474609375,311.09234619140625,0.9993771314620972,16
225.70029457154044,288.0242004394531,325.3272705078125,0.9992289543151855,16
225.79619539485643,260.79598999023443,337.0908508300781,0.9991966485977172,16
225.8921781146909,238.2983703613281,349.59149169921875,0.9997454881668092,16
225.98803798974757,213.28726196289062,353.340576171875,0.9975583553314208,16
226.09994958245568,182.2755279541016,349.0746154785156,0.965392291545868,16
226.19621894010552,137.53643798828122,334.7119140625,0.9998404979705809,16
226.2920378669028,117.58606719970705,333.17730712890625,0.99980366230011,16
226.38830722455256,96.48748779296876,321.2888488769531,0.999293327331543,16
226.5000959724828,79.36034393310547,308.91094970703125,0.9999570846557616,16
226.59675433859604,66.33517456054689,295.9880676269531,0.9999862909317015,16
226.69175430020704,63.959999084472656,294.6952209472656,0.9999958276748656,16
226.78806460611614,62.94957733154297,291.7174072265625,0.9999927282333374,16
226.899996672954,63.629066467285156,288.28680419921875,0.9999786615371704,16
238.0981171478513,335.8014221191406,321.5661315917969,0.9997276067733764,17
238.19420223833419,331.984130859375,318.6022033691406,0.9994356036186218,17
238.30611383104235,329.04315185546875,317.4097900390625,0.9997843503952026,17
238.40207607674728,328.47393798828125,317.3687438964844,0.9995580911636353,17
238.49791547767427,330.1993408203125,316.9383544921875,0.9997257590293884,17
238.59400056815707,330.7193298339844,314.1100158691406,0.99969220161438,17
238.70609642803214,330.4660339355469,314.1085205078125,0.9994388818740844,17
238.80191535482948,342.9729919433594,314.3775634765625,0.9991468191146852,17
238.89783665227506,369.8696594238281,312.4333801269531,0.9991840124130248,17
238.99400363927654,395.1629638671875,319.5709533691406,0.9998621940612792,17
239.10597665437362,413.6134033203125,320.2222900390625,0.999750018119812,17
239.20179558117096,440.55450439453125,321.2944030761719,0.9998313188552856,17
239.29792161991313,465.3077087402344,317.9714660644531,0.9998412728309632,17
239.39386339148842,497.0828552246094,318.18218994140625,0.9983437061309814,17
239.50593877723372,523.7877197265625,319.1669006347656,0.9964483976364136,17
239.6018191264201,555.961181640625,319.2559509277344,0.9996513128280641,17
239.6978018462546,575.428466796875,307.5830078125,0.9999171495437622,17
239.7936821954409,586.7442626953125,300.8905334472656,0.9999164342880248,17
239.90581900357532,592.2428588867188,297.7337951660156,0.9998589158058168,17
240.00194504231743,594.1043701171875,297.71337890625,0.9998654127120972,17
240.09774349498508,594.2110595703125,297.7626647949219,0.999894082546234,17
240.20971651008225,593.66259765625,297.1076354980469,0.9998725056648254,17
246.304701116096,327.9847412109375,319.8753662109375,0.9998751878738404,18
246.4007043100602,333.9249572753906,312.9761657714844,0.9998039007186891,18
246.51261590276837,333.6784973144531,316.8052673339844,0.9987581968307496,18
246.60876241564017,331.5027160644531,315.6171569824219,0.9985400438308716,18
246.7048884543824,328.40509033203125,315.6423645019531,0.9983813762664796,18
246.80074832943902,329.28900146484375,316.3131408691406,0.9991468191146852,18
246.9127213445361,329.34222412109375,317.4337463378906,0.9998315572738647,18
247.0086631161113,327.45538330078125,315.1261291503906,0.9998884201049804,18
247.10452299116798,328.2755432128906,316.9901428222656,0.999770164489746,18
247.20089471946602,327.52044677734375,318.60992431640625,0.9997642040252686,18
247.3124787260996,327.9639892578125,318.373046875,0.9997729063034058,18
247.4085638165825,329.8564758300781,318.03375244140625,0.9999153614044191,18
247.50460795880605,333.0502624511719,317.940673828125,0.9995185732841492,18
247.60067257515925,352.9936218261719,321.734375,0.9997559189796448,18
247.71246132308946,383.20904541015625,323.5475769042969,0.9999881982803344,18
247.80858736183163,397.4466247558594,321.4803466796875,0.9999037981033324,18
247.90450865927718,410.7554016113281,322.0336608886719,0.9998842477798462,18
248.00049137911182,436.98150634765625,324.69390869140625,0.9998920559883118,18
248.1124643942089,461.17877197265625,325.60107421875,0.9997115135192872,18
248.20832426926552,493.6846008300781,322.00994873046875,0.9999086260795592,18
248.3045731527856,522.3474731445311,313.70013427734375,0.9994601011276244,18
248.40041255371258,549.7593994140625,306.1697692871094,0.9999425411224364,18
248.5123650946801,569.5548706054688,305.0019836425781,0.999926209449768,18
248.6083682886443,584.73876953125,300.8331604003906,0.999675452709198,18
248.7045762239051,590.8789672851562,294.64251708984375,0.9999055862426758,18
248.80043609896168,593.1198120117188,294.23406982421875,0.9999736547470092,18
248.9123886399292,592.1937866210938,294.09918212890625,0.9999743700027466,18
249.00824851498572,591.6663818359375,294.4484558105469,0.9999659657478333,18
264.3179837077113,302.19097900390625,273.00030517578125,0.999942660331726,20
264.41394595341626,305.5038757324219,289.7281799316406,0.9998990297317504,20
264.5257756496057,309.358154296875,292.1004333496094,0.9997814297676086,20
264.62179931769964,309.7884826660156,294.5686340332031,0.9997828006744384,20
264.7178025116639,310.6335754394531,295.396484375,0.9997768402099608,20
264.8137852314984,310.1412048339844,293.74871826171875,0.9964935779571532,20
264.92588109137347,309.3699645996094,293.9195251464844,0.9996544122695924,20
265.0218433370784,312.9089050292969,294.6243896484375,0.9992468357086182,20
265.1180922205985,312.566162109375,290.99273681640625,0.9993959665298462,20
265.2138292508772,312.15753173828125,271.90798950195307,0.6924867033958435,20
265.3256794211964,330.71392822265625,236.6905517578125,0.9967669844627379,20
265.4216826151606,345.61419677734375,224.15782165527344,0.9999445676803588,20
265.5175834384765,368.4156799316406,225.24285888671875,0.999996781349182,20
265.6138937443856,395.62445068359375,234.18972778320312,0.999975323677063,20
265.7256005957972,433.9684143066406,248.2162170410156,0.9998501539230348,20
265.8217675827986,465.8495788574219,262.30410766601557,0.99992036819458,20
265.91775030263324,498.2038269042969,276.35427856445307,0.9998012781143188,20
266.0135282811712,529.747314453125,283.3870849609375,0.9997848868370056,20
266.125644615176,559.5238037109375,287.62628173828125,0.9998178482055664,20
266.2216273350105,577.075927734375,288.0715637207031,0.9998470544815063,20
266.31795811504924,586.7103881835938,290.8711853027344,0.9999659061431884,20
266.4137565677169,590.395263671875,292.5043029785156,0.9999345541000366,20
266.52542247086916,592.4319458007812,294.2393798828125,0.9999657273292542,20
266.6217327767783,593.2532348632812,294.4549255371094,0.999970316886902,20
266.7174902811866,591.9371948242188,294.6730651855469,0.9999566674232484,20
266.81351394928043,591.5504150390625,294.0763244628906,0.9999668598175048,20
280.0274967561301,292.62969970703125,287.8611145019531,0.9995231628417968,22
280.12335663118665,307.02886962890625,300.2132873535156,0.9999759197235109,22
280.23532964628384,311.69122314453125,311.4957580566406,0.9997608661651612,22
280.33131236611837,319.4767761230469,315.8309326171875,0.9996480345726012,22
280.427233663564,328.0030822753906,315.1966857910156,0.9998942613601683,22
280.52340065056546,327.5859375,314.7153625488281,0.9999223947525024,22
280.635291769144,318.3648986816406,306.9675598144531,0.9999656677246094,22
280.73137685962683,288.3640441894531,274.53903198242193,0.9998704195022584,22
280.8272367346834,260.64859008789057,256.7274780273437,0.9999690055847168,22
280.9231170838697,228.39405822753903,249.6177520751953,0.9999009370803832,22
281.03527436613376,191.54586791992188,237.8482666015625,0.999830961227417,22
281.13133898248697,147.2952117919922,245.793701171875,0.9998910427093506,22
281.2271988575436,112.4476547241211,253.4969787597656,0.9999598264694214,22
281.32318157737814,72.56896209716797,276.17129516601557,0.9994150400161744,22
281.43509317008625,64.47323608398439,283.63916015625,0.9999635219573976,22
281.5312192088284,57.62354278564453,288.419189453125,0.9999775886535645,22
281.62709955801466,57.80524444580078,289.021240234375,0.9999947547912598,22
281.72320512262723,54.17677307128906,288.492919921875,0.999998927116394,22
281.835260034243,52.55880737304688,287.7933044433594,0.9999987483024596,22
281.93103801278096,55.67576599121094,287.50848388671875,0.9999977946281432,22
293.74035220621545,261.73239135742193,254.66189575195312,0.999398410320282,23
293.83428751308423,280.1510009765625,274.50540161132807,0.9997942447662354,23
293.94533919234675,297.717529296875,285.892333984375,0.999883770942688,23
294.0410352743661,304.1513671875,293.7712097167969,0.9999446272850036,23
294.14023243255696,306.9750061035156,300.0999450683594,0.9999270439147948,23
294.23316450707256,305.8299560546875,307.7739562988281,0.9999505281448364,23
294.3449737291324,312.71795654296875,311.80615234375,0.9996666312217712,23
294.4409973972263,316.2436218261719,312.05548095703125,0.9998738765716552,23
294.5401126588985,319.699462890625,311.5168762207031,0.9999021291732788,23
294.6328809403768,321.30902099609375,311.805908203125,0.9998488426208496,23
294.74520201567805,320.00897216796875,310.69244384765625,0.9999071955680848,23
294.8409185718271,317.14764404296875,310.4029541015625,0.9997627735137941,23
294.9413851260567,311.6485290527344,310.1741027832031,0.9999688863754272,23
295.0328635373665,303.6539001464844,299.0029296875,0.9940819144248962,23
295.14557362113135,272.24966430664057,257.37213134765625,0.9999625682830809,23
295.2409625912058,245.59683227539062,239.24978637695312,0.9998228549957277,23
295.3412653523982,207.8922576904297,229.84469604492188,0.9999443292617798,23
295.43280518609697,183.8077850341797,227.1304016113281,0.9998661279678344,23
295.5449829424907,136.96652221679688,237.71676635742188,0.9998954534530641,23
295.64084281754737,102.71127319335938,248.9742431640625,0.9999739527702332,23
295.7397738120526,76.15445709228516,262.6009521484375,0.9991907477378844,23
295.83297205025383,65.85404968261719,276.45733642578125,0.9999839067459106,23
295.94476079818395,62.2637939453125,280.20431518554693,0.9999439716339112,23
296.0407639921482,59.63468933105469,286.9381103515625,0.9999076724052428,23
296.13828227170706,58.64784240722656,291.33197021484375,0.9999736547470092,23
296.23264753529867,58.16729354858398,294.4375305175781,0.9999871253967284,23
296.34545998971174,56.874732971191406,295.30352783203125,0.9999961853027344,23
296.440685166749,57.85364532470703,295.6796875,0.9999908208847046,23
321.2527505713562,354.68145751953125,306.0637512207031,0.9998931884765624,26
321.34881518770936,344.18780517578125,308.48028564453125,0.999883770942688,26
321.4606858321582,340.03179931640625,307.76641845703125,0.9996175169944764,26
321.55662760373343,339.4100646972656,307.9933166503906,0.99974262714386,26
321.6532859698467,338.6517639160156,306.7922668457031,0.999857485294342,26
321.7487158881805,339.4754943847656,306.6959228515625,0.999868094921112,26
321.86056605849967,335.9307861328125,307.51171875,0.9995423555374146,26
321.95652830420465,332.6687316894531,310.4728698730469,0.9994735121726991,26
322.0527771877248,330.42657470703125,309.7652282714844,0.9988985061645508,26
322.1648320993405,327.8140869140625,309.5540771484375,0.9990625381469728,26
322.26056912961917,320.6040954589844,308.9953308105469,0.9988695979118348,26
322.35657232358335,311.19561767578125,298.5655212402344,0.9994398355484008,26
322.45253456928833,294.6219177246094,279.43319702148443,0.9999597668647766,26
322.5645690067744,282.236572265625,266.96759033203125,0.9998914003372192,26
322.66049030422,270.92404174804693,260.1132202148437,0.9999906420707704,26
322.75796763551955,245.1226348876953,254.61997985839844,0.999953031539917,26
322.85247621801875,216.7992706298828,247.67970275878903,0.9999270439147948,26
322.96442875898623,185.74131774902344,243.89468383789062,0.9999547600746156,26
323.0607185907656,159.79103088378906,241.36363220214844,0.9999836683273317,26
323.15643514691465,132.27217102050778,236.3832244873047,0.9999974966049194,26
323.2527045045645,105.35421752929688,241.3452606201172,0.9999709129333496,26
323.36430898532774,75.85487365722656,258.441650390625,0.4428114891052246,26
323.46037360168094,60.93596649169922,274.88919067382807,0.995347261428833,26
323.5563767956452,52.79868698120117,281.63818359375,0.9999808073043824,26
323.65233904135005,50.70722961425781,287.9546813964844,0.9999855756759644,26
323.76423015992856,49.35910034179688,292.74420166015625,0.9999966621398926,26
323.86025382802245,50.8808708190918,292.6578674316406,0.9999988079071044,26
323.9564822374129,55.771217346191406,290.9242858886719,0.9999977350234984,26
324.05228069008047,56.90446090698242,293.73626708984375,0.9999898672103882,26
329.4593550137305,301.81036376953125,290.145751953125,0.9997743368148804,27
329.55539915595403,307.5180358886719,304.437744140625,0.9999321699142456,27
329.6673312227918,309.6609802246094,307.5639343261719,0.9999756813049316,27
329.76349820979334,312.69439697265625,310.3824768066406,0.999273955821991,27
329.8599108863507,321.2461853027344,311.5373229980469,0.9997779130935668,27
329.9554227012032,324.8449401855469,315.3163757324219,0.9997313022613524,27
330.06729334565193,330.2855529785156,313.9446716308594,0.9995360374450684,27
330.1635831774313,345.4586486816406,313.85894775390625,0.9979299306869508,27
330.2592178370618,360.9827880859375,311.6187438964844,0.999958634376526,27
330.355221031026,386.2047119140625,310.6747741699219,0.9999433755874634,27
330.46723499438235,401.1176452636719,309.409912109375,0.9999746680259703,27
330.563156291828,422.3830261230469,309.99163818359375,0.999941110610962,27
330.65944612360744,448.5007019042969,307.6092834472656,0.9999492168426514,27
330.75530599866414,473.78424072265625,307.1943054199219,0.9999802708625792,27
330.86713569485363,497.87493896484375,300.74810791015625,0.9995533227920532,27
330.96320031120683,525.6080322265625,298.2796325683594,0.9994093775749208,27
331.059203505171,554.9959716796875,298.6725158691406,0.9996097087860109,27
331.15520669913525,575.5029296875,294.83831787109375,0.9998993277549744,27
331.26703639532474,584.8192749023438,292.2726135253906,0.9999776482582092,27
331.36303958928903,590.845703125,294.0881652832031,0.9999871253967284,27
331.4591656280312,591.0255737304688,295.34765625,0.9999735355377196,27
331.5552302443844,590.3543701171875,295.9296875,0.9999223947525024,27
331.6671008888332,589.53076171875,296.49462890625,0.9998862743377686,27
331.7630221862788,590.415771484375,296.040771484375,0.9999215602874756,27
331.85912775089133,590.5004272460938,296.1322021484375,0.9999173283576964,27
341.56945464596384,340.4851989746094,310.1973876953125,0.9999390840530396,28
341.6658059001324,336.7372131347656,310.6252746582031,0.9997678399086,28
341.77763559632183,334.2098083496094,314.6219787597656,0.9977670907974244,28
341.87339310073014,330.56768798828125,314.03631591796875,0.9989078044891356,28
341.9692325016572,329.410400390625,313.62664794921875,0.9989866018295288,28
342.0655428075662,328.29742431640625,317.2725830078125,0.9992346167564392,28
342.17755677092265,328.6943359375,317.4311828613281,0.999460995197296,28
342.27347806836826,330.58148193359375,314.1531677246094,0.9997654557228088,28
342.36950173646215,332.0333251953125,313.17169189453125,0.9988759160041808,28
342.4652387667408,352.2108154296875,312.8551940917969,0.9996377229690552,28
342.5773755748752,378.5378112792969,313.3171081542969,0.9999369382858276,28
342.67333782058006,393.28741455078125,311.0717468261719,0.9999350309371948,28
342.76936148867395,407.6802978515625,312.70916748046875,0.9996804594993592,28
342.8652827861196,428.51708984375,318.5663146972656,0.999771773815155,28
342.97727627534636,460.5531311035156,320.5726623535156,0.9998782873153688,28
343.07323852105117,480.6212768554688,320.19281005859375,0.999948501586914,28
343.1691802926265,503.1844787597656,321.0713806152344,0.9993355870246888,28
343.2653882278873,532.5818481445311,323.503662109375,0.999803066253662,28
343.37740219124373,558.77294921875,319.46588134765625,0.9998927116394044,28
343.47315969565204,575.9815673828125,311.9520568847656,0.9998679757118224,28
343.5693266826535,584.5003662109375,303.6045227050781,0.9999326467514038,28
343.6651456094509,587.06689453125,300.3982849121094,0.9998468160629272,28
343.7770162538997,586.544677734375,299.2190246582031,0.9997700452804564,28
343.87308087025286,584.9607543945312,298.7589111328125,0.9998158812522888,28
343.96906359008744,585.693603515625,297.3725280761719,0.9997844696044922,28
344.06512820644065,585.2225952148438,296.8374328613281,0.9998677968978882,28
344.17699885088945,585.8628540039062,296.9999694824219,0.9998089671134948,28
344.2728996742054,585.8781127929688,296.2454528808594,0.9998310804367064,28
349.6800354202443,309.9378967285156,311.6568603515625,0.9999833703041076,29
349.77610003659754,313.4550476074219,311.9809875488281,0.999814748764038,29
349.8721646529507,316.8822021484375,312.70892333984375,0.9998594522476196,29
349.9683111658225,316.15496826171875,312.8372497558594,0.999642252922058,29
350.0803456033086,316.95294189453125,314.6145935058594,0.9996709823608398,29
350.17616453010595,323.0354309082031,315.0623474121094,0.999935746192932,29
350.272474836015,333.8323974609375,314.00054931640625,0.9993674755096436,29
350.3679661767378,359.8363037109375,317.098388671875,0.9278892874717712,29
350.4800825107425,395.0030212402344,323.1257629394531,0.9999902844429016,29
350.5759014375398,410.84368896484375,318.6877136230469,0.9997375011444092,29
350.6720070021523,431.8877258300781,315.9801940917969,0.9998961091041564,29
350.7682763598021,451.3655700683594,313.3407287597656,0.999835968017578,29
350.87990131469513,479.9357299804688,313.5889587402344,0.999919056892395,29
350.9758430862703,507.8049621582031,309.7754211425781,0.9998310804367064,29
351.07190770262355,538.6314697265625,302.6263732910156,0.999323844909668,29
351.18406498488747,564.11181640625,294.0835266113281,0.9999698400497437,29
351.27980201516624,582.0573120117188,295.00018310546875,0.9999427795410156,29
351.375948528038,590.1720581054688,296.2435607910156,0.99989914894104,29
351.47258642002157,590.8626098632812,297.1405029296875,0.9998631477355956,29
351.5836790475435,590.7427978515625,296.1005554199219,0.9999518990516664,29
351.67982556041534,589.7536010742188,295.1948547363281,0.999963641166687,29
351.7757673319905,590.4954833984375,294.0919189453125,0.9999831318855286,29
359.086587653588,309.8134460449219,312.041748046875,0.9999185800552368,30
359.1826113216818,311.54638671875,311.381103515625,0.9997053742408752,30
359.27855309325713,313.306396484375,311.74053955078125,0.9992450475692748,30
359.3745767613509,314.9947814941406,312.1928405761719,0.999608874320984,30
359.48657025057776,316.8914794921875,313.2711486816406,0.999484658241272,30
359.58267581519027,317.79559326171875,313.1851501464844,0.9995198249816896,30
359.67853569024686,319.2421875,312.46893310546875,0.9998536705970764,30
359.77447746182213,319.9669494628906,310.9468994140625,0.9999160766601562,30
359.88638905453035,311.2225646972656,304.9848937988281,0.999613344669342,30
359.9827403086987,297.582763671875,279.7591552734375,0.9998273849487304,30
360.07847733897734,283.9217834472656,265.07879638671875,0.9998990297317504,30
360.1746648001085,265.2022705078125,255.0915679931641,0.99990975856781,30
360.28653544455733,233.72825622558597,253.9274444580078,0.9997119903564452,30
360.3824362678733,201.61126708984372,248.9007873535156,0.9996838569641112,30
360.47837803944856,167.34593200683594,247.2111968994141,0.9999569654464722,30
360.5746473970983,138.71238708496094,251.0195617675781,0.9999470710754396,30
360.68631330025056,111.22775268554688,247.4033966064453,0.9999870657920836,30
360.7823369683445,80.5975570678711,259.74859619140625,0.999724507331848,30
360.8788110672908,65.77730560302734,274.8380126953125,0.9999567270278932,30
360.9902722291465,64.47993469238281,280.72833251953125,0.9999828338623048,30
361.0862549489809,55.93972778320313,287.5745544433594,0.9999756813049316,30
361.1824833583715,50.2928581237793,288.92364501953125,0.999995231628418,30
361.2783841816874,51.22831344604492,292.79132080078125,0.9999988079071044,30
361.3905005156922,52.46295166015625,296.75048828125,0.9999973177909852,30
368.6850234300821,301.30206298828125,286.8116455078125,0.9996904134750366,31
368.78100614991666,306.99139404296875,299.591796875,0.9998642206192015,31
368.8931634321807,311.1010437011719,307.0674743652344,0.9998904466629028,31
368.98918710027465,313.86224365234375,309.9982604980469,0.999076247215271,31
369.0849241305533,315.9574279785156,314.01727294921875,0.99773371219635,31
369.18115253994375,322.7630310058594,313.2723083496094,0.9994575977325441,31
369.29302318439255,331.04296875,316.83990478515625,0.99964702129364,31
369.38900590422713,334.6273193359375,316.431640625,0.9998177886009216,31
369.4858894857666,332.92596435546875,318.01348876953125,0.9998595714569092,31
369.58105324041486,329.9927673339844,317.92327880859375,0.9998718500137328,31
369.693087677901,330.32342529296875,319.80084228515625,0.9998979568481444,31
369.7889475529576,330.8160705566406,317.78033447265625,0.9999039769172668,31
369.8849302727922,332.47723388671875,317.5736389160156,0.99973726272583,31
369.9814453199979,331.4128723144531,316.3738708496094,0.9998844861984252,31
370.0929474301128,331.3019714355469,317.11639404296875,0.9998823404312134,31
370.1889710982067,329.3083801269531,316.74676513671875,0.9998214244842528,31
370.2848719215226,327.18353271484375,317.54443359375,0.9998759627342224,31
370.3968654107495,327.3634338378906,318.45611572265625,0.9998507499694824,31
370.4928890788433,328.8358154296875,316.9577941894531,0.9998095631599426,31
370.58878990215925,330.39056396484375,315.39703369140625,0.9998791813850404,31
370.685960121514,335.38348388671875,316.4692687988281,0.99958473443985,31
370.79713464555437,334.5168151855469,316.82763671875,0.999157190322876,31
370.89295357235176,321.8109130859375,307.7729797363281,0.999637246131897,31
370.98873155088967,268.7593994140625,271.97332763671875,0.9999680519104004,31
371.0847552189836,246.24534606933597,256.98492431640625,0.9999828338623048,31
371.1966258634324,208.7036590576172,246.16856384277344,0.9999316930770874,31
371.29293616934166,179.83096313476562,239.5876007080078,0.99992573261261,31
371.3887550961388,138.17868041992188,240.6032257080078,0.9999374151229858,31
371.48481971249197,110.89745330810548,239.08349609375,0.9999397993087769,31
371.59652656390364,76.13963317871094,257.921630859375,0.9996402859687804,31
371.69267307677535,62.18096923828125,273.69155883789057,0.9992090463638306,31
371.78853295183205,55.76556396484375,280.46963500976557,0.9999837875366212,31
371.8856212746682,52.29366683959961,285.7537536621094,0.9999841451644896,31
371.99646821263406,54.71059036254883,290.71868896484375,0.9999979138374328,31
372.09257377724657,52.85888290405274,295.84033203125,0.9999980926513672,31
372.1887612383777,51.82316207885742,297.8262634277344,0.9999904036521912,31
372.2844573203971,52.587364196777344,297.783935546875,0.999991774559021,31
387.19404612309563,314.05517578125,316.3907165527344,0.9998850822448729,33
387.30640814665617,315.62786865234375,313.9200439453125,0.999874711036682,33
387.4021042286756,318.136474609375,313.53057861328125,0.9999072551727296,33
387.49812789676946,318.5603942871094,315.61273193359375,0.9998217821121216,33
387.5941925131226,318.23590087890625,316.9814758300781,0.9996259212493896,33
387.7060631575714,322.8742370605469,313.8709411621094,0.9999017715454102,33
387.8020458774061,328.9556884765625,316.9019470214844,0.9997684955596924,33
387.8980285972406,360.68402099609375,317.2684020996094,0.9746821522712708,33
387.99409321359377,402.55853271484375,313.9716796875,0.9997903108596802,33
388.10633239237643,425.39642333984375,310.6363220214844,0.999944806098938,33
388.2022332156924,444.88861083984375,305.384765625,0.9999365806579591,33
388.2984206768235,478.79248046875,303.5964660644531,0.9993034601211548,33
388.3941577071023,519.5243530273439,304.6048889160156,0.9994909763336182,33
388.50594645503236,549.8016967773439,298.2831726074219,0.999781370162964,33
388.6020110713857,568.8780517578125,293.5997619628906,0.9999536871910096,33
388.6991403424809,584.69140625,291.7863464355469,0.9999737739562988,33
388.7940584075734,589.8533935546875,293.3996276855469,0.9999336004257202,33
388.90629758635606,590.520751953125,295.6096496582031,0.9999152421951294,33
389.002075564894,590.56591796875,296.00537109375,0.9998589754104614,33
389.0978535434321,590.4822998046875,295.9794921875,0.9998925924301147,33
389.19379531500726,590.4493408203125,295.2669372558594,0.9999319314956664,33
389.30582975249337,590.6148071289062,295.0218200683594,0.999925434589386,33
396.5046975331233,300.1022644042969,312.4250793457031,0.9998998641967772,34
396.60059835643926,307.4532470703125,311.92791748046875,0.9999673366546632,34
396.7125508974067,313.8968811035156,312.2596435546875,0.9997547268867492,34
396.8084517207226,316.5377197265625,313.65673828125,0.9995590448379515,34
396.90472107837235,316.7203369140625,315.12347412109375,0.9997005462646484,34
397.00062190168836,320.8950500488281,315.33111572265625,0.999706506729126,34
397.11425332128766,323.5408630371094,313.7530822753906,0.9999623298645021,34
397.20863905900904,337.1553955078125,315.581787109375,0.9986717104911804,34
397.3046217788436,370.9356994628906,316.20245361328125,0.98454749584198,34
397.40072734345614,413.39013671875,315.1849365234375,0.9997514486312866,34
397.5127208326829,439.9437255859375,308.3514709472656,0.99994957447052,34
397.6084988112208,464.8546142578125,305.71063232421875,0.9998817443847656,34
397.7045634275741,495.3748474121094,309.1657409667969,0.9998955726623536,34
397.80046425088995,536.7315673828125,305.35601806640625,0.999039351940155,34
397.9124577401168,562.7092895507811,298.11474609375,0.9997996091842652,34
398.00856330472925,582.4891357421875,292.8359375,0.9999523162841796,34
398.10438223152664,589.9736328125,293.1478271484375,0.9999277591705322,34
398.2010201235102,590.1550903320312,292.85589599609375,0.9999252557754515,34
398.3134640435894,589.066650390625,293.995361328125,0.9998751878738404,34
398.40830021216317,586.6834106445312,294.458740234375,0.9999218583106996,34
398.5045286215537,586.4378662109375,293.861083984375,0.9999556541442872,34
398.6003475483509,587.3422241210938,292.85150146484375,0.9999766945838928,34
420.11697893979834,298.2200012207031,270.66390991210943,0.9999090433120728,36
420.22901337728445,304.66473388671875,284.20574951171875,0.9999507069587708,36
420.3249551488597,308.2019348144531,294.1488952636719,0.999983847141266,36
420.4209378686943,309.360595703125,299.7054443359375,0.9998515844345092,36
420.5169615367882,311.8387451171875,312.78826904296875,0.995922327041626,36
420.62883218123704,318.52752685546875,316.9058837890625,0.9975941777229308,36
420.72469205629363,321.9139709472656,315.5001220703125,0.9997043013572692,36
420.8206338278689,325.45867919921875,313.2297058105469,0.9997098445892334,36
420.91682128900004,334.8765869140625,312.09771728515625,0.9957726001739502,36
421.0286919334488,351.4222412109375,310.367919921875,0.9996864795684814,36
421.12459275676486,371.7316284179688,307.7452087402344,0.9999908804893494,36
421.220657373118,396.9706115722656,309.66424560546875,0.9999719858169556,36
421.3165991446932,413.7013244628906,310.787353515625,0.9999235272407532,36
421.4286745304386,440.8110046386719,308.12646484375,0.9999500513076782,36
421.5257219050154,470.34185791015625,308.8743591308594,0.9999402761459352,36
421.6208037631449,493.20654296875,301.8428039550781,0.9994482398033142,36
421.7165407934237,526.8593139648439,296.41015625,0.9998886585235596,36
421.82841143787255,556.5206298828125,291.8306579589844,0.999893069267273,36
421.92451700248506,575.5275268554688,290.2334899902344,0.9999730587005616,36
422.0206635153569,586.0140991210938,291.646484375,0.9999783039093018,36
422.11644149389485,591.0712280273438,292.1871337890625,0.99997478723526,36
422.2285987761589,591.7393798828125,293.3865661621094,0.9999730587005616,36
422.32535951292056,590.808837890625,294.54046630859375,0.9999618530273438,36
422.4205232675688,590.3569946289062,295.708740234375,0.999940037727356,36
422.51642409088464,590.4943237304688,295.3523864746094,0.9999662637710572,36
432.8349350074347,314.3612060546875,309.6243896484375,0.9998298287391664,37
432.93087677900985,313.9557800292969,310.47015380859375,0.9998037815093994,37
433.0267776023258,313.65130615234375,312.3053283691406,0.9996564388275146,37
433.13889393633065,313.5367126464844,312.8468322753906,0.9994779229164124,37
433.23487665616517,315.8069152832031,310.4442443847656,0.9998170137405396,37
433.3306955829625,321.4520263671875,311.6158142089844,0.99998140335083,37
433.4266783027969,338.2244873046875,316.8779296875,0.9484615921974182,37
433.5387536885424,387.5094604492188,319.8539123535156,0.9997905492782592,37
433.6347773566363,418.54425048828125,315.3904113769531,0.9999272227287292,37
433.7308419729895,433.9771118164063,310.5633850097656,0.9997185468673706,37
433.8264971067496,473.0972595214844,311.8575439453125,0.999453902244568,37
433.9388591303102,512.1849365234375,311.1827087402344,0.9998555183410645,37
434.034637108848,541.3978881835939,305.5894470214844,0.999659776687622,37
434.13066077694197,568.4069213867188,303.5872497558594,0.9998148083686828,37
434.2265206519986,586.567626953125,299.0659484863281,0.9996581673622132,37
434.33859603774414,592.2760620117188,297.53033447265625,0.999801754951477,37
434.43466065409723,592.2764282226562,297.5061340332031,0.9996500015258788,37
434.5306433739318,590.6741333007812,296.8375244140625,0.9997887015342712,37
434.6266260937664,590.5073852539062,295.70538330078125,0.9998944401741028,37
434.73841484169657,591.0885009765625,294.2345275878906,0.9999206066131592,37
440.4335806437578,333.2232360839844,309.86187744140625,0.999842882156372,38
440.529645260111,336.3405456542969,311.3609619140625,0.9996598362922668,38
440.64147495630056,330.9322204589844,312.0484313964844,0.9991188645362854,38
440.7374576761351,329.99493408203125,312.74554443359375,0.9995324611663818,38
440.83348134422897,329.4739685058594,315.6637878417969,0.9991084337234496,38
440.92970975361936,331.56256103515625,317.73651123046875,0.999242663383484,38
441.0414985015497,331.7637634277344,313.0464172363281,0.9994535446166992,38
441.1376450144215,337.5538330078125,312.2944641113281,0.9950065612792968,38
441.23342299295945,355.3325500488281,307.7577209472656,0.9998594522476196,38
441.32936476453466,383.0894775390625,309.7060546875,0.999923288822174,38
441.4413173055021,402.6300964355469,311.98797607421875,0.9998564720153807,38
441.5374228701146,423.2613525390625,307.9765625,0.9999452829360962,38
441.63352843472717,440.6032104492188,303.2712097167969,0.9995006322860718,38
441.7296339993397,473.93585205078125,306.1285095214844,0.9998617172241212,38
441.8413817990106,499.41485595703125,304.5419616699219,0.9996351003646852,38
441.93736451884513,530.5436401367189,298.9804992675781,0.9994304180145264,38
442.0337157730136,560.2659301757811,290.5101013183594,0.9999275207519532,38
442.1296165963295,577.1126708984375,288.27178955078125,0.9999427795410156,38
442.24152818903764,589.4324951171875,290.6684265136719,0.999974250793457,38
442.33726521931635,591.9606323242188,292.5123291015625,0.9999870061874391,38
442.4332479391509,590.7046508789062,293.7724914550781,0.99998140335083,38
442.5292306589855,590.4938354492188,293.7498474121094,0.999984860420227,38
442.6411013034343,590.5243530273438,294.1067810058594,0.9999775290489196,38
442.73716591978746,592.2083129882812,292.3582763671875,0.9999930262565612,38
448.44830154298165,307.5205078125,316.3768615722656,0.999953031539917,39
448.54444805585337,315.5464782714844,315.2033386230469,0.9998077154159546,39
448.64124974087434,317.9604797363281,316.7926940917969,0.9998292326927184,39
448.7366591850785,321.5375061035156,315.5030822753906,0.9998658895492554,39
448.84824319171213,322.1789245605469,316.5196838378906,0.9998927712440492,39
448.94455349762114,322.3160095214844,315.97528076171875,0.9998510479927064,39
449.0403314761592,318.0189208984375,311.0396423339844,0.999711811542511,39
449.1362322994751,307.9489440917969,295.76531982421875,0.9999675750732422,39
449.2483076852205,303.3863830566406,285.9976501464844,0.9999422430992126,39
449.34408566375845,308.1644592285156,294.509521484375,0.9997673034667968,39
449.44031407314895,309.1651306152344,303.3716125488281,0.9988380074501038,39
449.53637868950216,308.5780334472656,303.8382873535156,0.9995192289352416,39
449.64816743743233,285.2742614746094,283.3243103027344,0.9999564886093141,39
449.7440682607483,266.7666015625,270.48297119140625,0.999868631362915,39
449.8402966701388,252.7631072998047,265.5753173828125,0.999933123588562,39
449.9360746486767,228.2323455810547,252.9643096923828,0.9999680519104004,39
450.0480681379035,200.4066467285156,245.2288055419922,0.999813437461853,39
450.14405085773814,164.18478393554688,242.38616943359372,0.999986171722412,39
450.239951681054,130.16828918457028,243.40032958984372,0.9999974966049194,39
450.3362619869631,92.3773193359375,247.9033203125,0.9998515844345092,39
450.447886941856,70.31056976318361,261.04348754882807,0.9997006058692932,39
450.5441153512465,61.77023315429688,276.12408447265625,0.9998836517333984,39
450.6399752263032,55.213279724121094,289.9173889160156,0.9913874864578248,39
450.73591699787835,53.47716903686523,293.9958801269531,0.9999718070030212,39
450.8481152284017,52.49046325683594,297.47833251953125,0.9999920129776,39
450.94409794823633,50.87034606933594,297.4682312011719,0.9999952912330629,39
451.0398349785149,51.47717666625977,298.4433288574219,0.9999966621398926,39
468.5570908309169,310.8816833496094,312.92974853515625,0.9993371963500975,40
468.6529916542329,313.5236511230469,314.3050231933594,0.9994293451309204,40
468.7491381671047,313.6044921875,314.2948303222656,0.9994349479675292,40
468.86100881155363,313.9947204589844,314.7393798828125,0.9995514154434204,40
468.9569915313881,313.662109375,314.23223876953125,0.9995185732841492,40
469.0545302850767,313.4898986816406,308.927001953125,0.9999645948410034,40
469.148916022798,311.978759765625,302.4948425292969,0.9998305439949036,40
469.26107330506204,311.00927734375,303.588623046875,0.9999605417251588,40
469.3568512836,306.4369201660156,315.9992980957031,0.9993350505828856,40
469.45303874473115,289.8822021484375,326.8498229980469,0.9999358654022216,40
469.54902146456567,284.4122009277344,332.71197509765625,0.999944269657135,40
469.66105590205177,282.26123046875,331.9259338378906,0.9999285340309144,40
469.757120518405,281.16485595703125,331.7425842285156,0.9999330043792723,40
469.85285754868363,280.23944091796875,334.57464599609375,0.9999709129333496,40
469.94879932025884,272.02371215820307,346.9051818847656,0.9999877214431764,40
470.0607518612263,270.67684936523443,354.3367614746094,0.9999802112579346,40
470.1571031153948,268.97509765625,363.9898071289063,0.9998596906661988,40
470.2542323864902,265.76559448242193,371.3837890625,0.9999557733535768,40
470.3489047620266,262.80877685546875,374.1724243164063,0.9999850988388062,40
470.4606935099568,258.72335815429693,375.50677490234375,0.9999942183494568,40
470.5568400228287,252.3488311767578,352.8355407714844,0.9999254941940308,40
470.6528227426632,252.39952087402344,334.4570007324219,0.9999789595603944,40
470.74872356597916,253.72982788085938,318.048828125,0.9997965097427368,40
470.86075800346526,257.378662109375,304.0443420410156,0.999933123588562,40
470.95657693026254,259.03448486328125,295.977294921875,0.9996479153633118,40
471.0526005983564,260.29336547851557,283.9975280761719,0.9997307658195496,40
471.1485423699317,264.25347900390625,278.64151000976557,0.9997774958610536,40
471.26057680741775,269.44189453125,272.45196533203125,0.9997069239616394,40
471.3566414237709,271.72872924804693,268.85733032226557,0.9993982315063475,40
471.4542620739782,270.92593383789057,265.68789672851557,0.9988628029823304,40
471.5647814258696,273.08755493164057,265.13729858398443,0.9996793866157532,40
471.66072319744484,272.90505981445307,263.8593139648437,0.9998407363891602,40
471.7565421242421,272.42282104492193,261.07138061523443,0.999940037727356,40
471.8526067405953,271.2167358398437,260.8751220703125,0.9999247789382936,40
471.9643954885256,270.26812744140625,265.99234008789057,0.9996720552444458,40
472.060623897916,273.94354248046875,275.518798828125,0.9998982548713684,40
472.15648377297265,292.1047058105469,287.0079345703125,0.9995616674423218,40
472.252425544548,301.83807373046875,295.5369567871094,0.9990115165710448,40
472.36437808551534,312.7781066894531,300.19219970703125,0.9989622831344604,40
472.4603608053498,321.29803466796875,303.03216552734375,0.9998397827148438,40
472.55650731822175,324.7279357910156,314.4501037597656,0.999972939491272,40
472.65236719327834,324.4924621582031,316.95965576171875,0.9999250173568726,40
472.76493395813554,322.4013977050781,315.5099182128906,0.9998462200164796,40
472.8603434023397,319.7913513183594,314.8301696777344,0.9996172189712524,40
472.95640801869285,321.27972412109375,316.1081848144531,0.999897003173828,40
473.05247263504606,323.34136962890625,315.21856689453125,0.999903440475464,40
473.16417948645767,324.1986389160156,314.28387451171875,0.9999021291732788,40
473.2608173784412,322.64862060546875,316.3917541503906,0.9999399185180664,40
473.3565953569792,324.4147033691406,309.03399658203125,0.9999921321868896,40
473.45229143899866,329.652587890625,302.35052490234375,0.9998915791511536,40
473.5643258764847,333.95684814453125,300.9094543457031,0.9998828172683716,40
473.66067713065314,339.3343200683594,301.025146484375,0.9999749660491944,40
473.7562094196352,343.5467224121094,300.3739013671875,0.9997847080230712,40
473.85301110465605,343.6996154785156,299.528076171875,0.9997203946113586,40
473.9640627839186,342.4697570800781,308.8397521972656,0.99997079372406,40
474.06012740027177,334.7124938964844,314.47882080078125,0.998587965965271,40
474.15611012010635,330.1764831542969,314.32977294921875,0.9984760284423828,40
474.25217473645966,328.66290283203125,317.1328125,0.9996188879013062,40
474.3641272774271,328.4053955078125,315.681640625,0.9993635416030884,40
474.4599462042243,328.41705322265625,319.39984130859375,0.999704122543335,40
474.55601082057746,327.8921203613281,317.33782958984375,0.999470353126526,40
474.65199354041215,328.9678955078125,317.08953857421875,0.9993337392807008,40
474.7639870296389,328.8616027832031,317.7811584472656,0.9995969533920288,40
474.85996974947335,329.8264465332031,317.6091003417969,0.9994869232177734,40
474.955952469308,329.0976257324219,316.5476379394531,0.9997608661651612,40
475.0521399304391,330.3641662597656,316.3377380371094,0.9997774958610536,40
475.16458385051834,328.6331481933594,316.9718017578125,0.9997007250785828,40
475.2601570877598,327.3744201660156,318.3858947753906,0.999707579612732,40
475.35589411803846,326.5362854003906,320.3981018066406,0.9994136095046996,40
475.4519587343917,328.52984619140625,318.8785095214844,0.999580144882202,40
475.5640750683964,330.7934875488281,314.9315490722656,0.9996445775032043,40
475.6599349434529,335.8049011230469,313.298583984375,0.996796727180481,40
475.7559586115469,355.6990966796875,311.91351318359375,0.9994571208953856,40
475.85202322790013,390.9324645996094,306.5793151855469,0.999980926513672,40
475.9639348206082,405.49127197265625,307.2506408691406,0.9999794960021972,40
476.0598765921835,424.3141479492188,308.1293640136719,0.9998362064361572,40
476.1556955189808,456.2034606933594,308.2862548828125,0.999847173690796,40
476.251760135334,486.7442321777344,305.724365234375,0.9998104572296144,40
476.36412215889465,517.6678466796875,298.19244384765625,0.9991654753684998,40
476.459695396136,545.8606567382811,294.3546447753906,0.9998540878295898,40
476.55588285726714,567.889892578125,296.00286865234375,0.9996401071548462,40
476.667753501716,584.7597045898438,294.9098205566406,0.999807357788086,40
476.76369527329126,589.102294921875,295.1368408203125,0.9999310970306396,40
476.8598417861631,591.854736328125,294.58795166015625,0.9999656677246094,40
476.955865454257,591.7976684570312,293.8839416503906,0.9999825954437256,40
477.0676132539279,591.4642944335938,292.9762878417969,0.9999866485595704,40
477.16359597376237,589.7046508789062,293.41290283203125,0.999985694885254,40
477.25957869359695,590.385498046875,292.4139709472656,0.999991774559021,40
509.97449435297915,304.14447021484375,282.04937744140625,0.999842643737793,42
510.08632404916864,308.0240173339844,289.7858581542969,0.9999830722808838,42
510.1825934068184,312.4749755859375,295.3531799316406,0.9999820590019226,42
510.27841233361573,313.2881774902344,304.3042297363281,0.9998558759689332,42
510.3903648745832,314.208251953125,311.6593017578125,0.9978220462799072,42
510.48630664615837,322.11724853515625,313.88671875,0.9994542002677916,42
510.58228936599295,321.8415832519531,316.4908142089844,0.9997110366821288,42
510.67962337838503,324.68133544921875,315.1360168457031,0.9998444318771362,42
510.7901427302764,324.4267883300781,313.8714599609375,0.9999117851257324,42
510.8862892431482,319.343505859375,310.42724609375,0.9988303184509276,42
510.98210816994555,280.45172119140625,269.3358764648437,0.9999542236328124,42
511.0784184758546,252.2289123535156,248.99114990234372,0.9998351335525512,42
511.1905348098594,221.5860748291016,237.7069091796875,0.998982310295105,42
511.286271840138,191.1943664550781,226.8849029541016,0.9999724626541138,42
511.38217266345396,153.99554443359375,235.96864318847656,0.9997500777244568,42
511.4781553832885,122.08963775634766,242.1920166015625,0.9999889731407166,42
511.59027171729315,93.32190704345705,257.37841796875,0.9999333620071412,42
511.68600874757186,76.0811767578125,272.37820434570307,0.9997256994247437,42
511.78223715696237,64.52159118652344,278.8466796875,0.9999935030937196,42
511.8781379802783,62.29291915893555,287.38397216796875,0.9999394416809082,42
511.98992672820845,58.42387390136719,290.9508361816406,0.999990165233612,42
512.0859913445616,56.57025146484375,291.7701416015625,0.9999969601631165,42
512.1822197539522,55.83869934082031,294.4123840332031,0.9999991059303284,42
512.2781615255274,56.58391189575195,294.47393798828125,0.9999987483024596,42
521.284690213622,305.15771484375,299.9497375488281,0.999764323234558,43
521.3965608580709,307.9338684082031,307.18756103515625,0.9999910593032836,43
521.4927892674613,309.6387023925781,308.8877258300781,0.999970555305481,43
521.5886491425179,307.97796630859375,308.459716796875,0.9999837279319764,43
521.6845909140931,306.003173828125,306.1759033203125,0.9999783039093018,43
521.796461558542,301.539794921875,295.33880615234375,0.9995341897010804,43
521.8925261748951,298.1165771484375,266.3472900390625,0.9943445324897766,43
521.988426998211,295.7131652832031,240.3780212402344,0.9997986555099488,43
522.0844097180457,298.14215087890625,219.384521484375,0.9996827840805054,43
522.1964441555317,302.7943115234375,212.83631896972656,0.9999605417251588,43
522.2924268753662,300.64312744140625,205.510009765625,0.9999131560325624,43
522.3885733882381,272.86373901367193,195.94845581054688,0.9998347163200378,43
522.484474211554,216.3175048828125,203.37109375,0.9997131824493408,43
522.5963448560029,180.8858337402344,208.5505523681641,0.9999227523803712,43
522.6923275758375,138.41862487792972,223.3011779785156,0.9999617338180542,43
522.7883921921906,115.19749450683594,233.3232879638672,0.9999960660934448,43
522.8842930155066,85.67228698730469,251.05728149414062,0.9994243383407592,43
522.9965731425485,70.31452941894531,272.7733764648437,0.9999633431434632,43
523.092269224568,61.54618835449219,283.6311340332031,0.9999397993087769,43
523.1882109961432,61.22345733642578,292.0288391113281,0.9999841451644896,43
523.2842756124963,56.58647918701172,295.6814880371094,0.999997854232788,43
523.3961462569454,54.33606338500977,297.7940673828125,0.999994158744812,43
523.4921699250391,54.17274856567383,297.0242614746094,0.9999975562095642,43
523.588316437911,57.38092041015625,296.0937805175781,0.9999940395355223,43
523.6842582094862,57.78551483154297,295.6814880371094,0.9999879598617554,43
523.796128853935,58.67037963867188,293.02276611328125,0.9999947547912598,43
523.8921115737696,58.64564895629883,291.4332275390625,0.9999946355819702,43
