vert_offset_X0,horiz_offset_X0,amplitude_X0,coldness_X0,Run,vert_offset_Xfit,horiz_offset_Xfit,amplitude_Xfit,coldness_Xfit,NegLogLik,Fold
0.785022860787593,-143.312184688768,0.392579460501987,0.320175321524053,1,0.500000000573807,-67.7406998880332,0.339019460367348,3.1330848515819,713.191206971728,1
0.896128552104728,-158.069158479202,0.494702838793241,0.393221429045678,2,0.500000017492377,-67.7407161330198,0.413392899283377,2.56941209651489,713.191214651963,1
0.811649096230851,-98.8009085934546,0.207389809216766,2.03349030153772,3,0.500000000785481,-67.7407110457582,0.371060917660744,2.86254119879126,713.191207051921,1
0.586123983232437,-171.873256353312,0.12847597479586,0.531001917306246,4,0.500012977011951,-170.870786868616,1.66073580941712e-05,0.000173580416992374,998.131940804873,1
0.645283317793197,-146.399467512361,0.00264950415659027,0.0603311283295479,5,0.500000004637751,-67.740697206662,0.438424028506688,2.42271659924864,713.191208651703,1
0.712251707662628,98.0937872111382,0.143316746106889,0.415583875572343,6,0.501189282942346,97.6630850774159,0.000360489949067604,0.000205206351374994,998.132026913319,1
0.923211479092309,-99.9639750489165,0.126737907215933,0.606503091261951,7,0.500000004597131,-67.7407193334063,0.434584215127776,2.44412229256433,713.19120865171,1
0.985760201330793,-88.3910225811806,0.414420793212852,0.223985056838851,8,0.500000004629151,-67.7407073892907,0.437610893134946,2.42721785125009,713.191208651695,1
0.562633513021101,-126.701237027802,0.38027403178239,0.548747134416623,9,0.500000000882101,-67.7406984188085,0.416937736691125,2.54756760707203,713.191207051704,1
0.691238835739434,-178.14557584661,0.370913747730802,0.0411436732828776,10,0.500000000828708,-67.7406977767852,0.391702775878104,2.71169171241943,713.191207051701,1
0.84662257562672,-136.060044994095,0.331514595272237,0.866555721511559,11,0.500000004394033,-67.7406969463171,0.415384724655709,2.55709179469175,713.191208651712,1
0.528864006135283,-102.665804719328,0.324003725419982,0.790049932651079,12,0.500000001045668,-67.7407139283223,0.494021176907895,2.15006405344608,713.191207051888,1
0.571357319480711,33.8621796720499,0.389453756498195,0.888994611381707,13,0.500000000162491,34.0306896699339,2.3349534847199e-10,0.691471110564772,998.13194004632,1
0.950621198653361,-51.6052319722344,0.0342859724561642,0.838574445898215,14,0.500000000040827,-67.7407224969935,0.385911496890597,2.7523852713378,713.191206671719,1
0.924119450665229,123.153562253201,0.258474891551628,0.0348518995601635,15,0.500028132141928,118.706372238774,8.30163715271676e-06,0.000399395130816224,998.131944006747,1
0.854634102884135,173.1384454139,0.201281109215154,0.46559639717629,16,0.500000033330679,173.701437129282,2.03688184038696e-08,0.339822417417414,998.131944031528,1
0.617367895444803,-106.312914143396,0.356741488211219,0.0370973951270104,17,0.500000005166444,-67.7407578358929,0.48821308911263,2.17563996121142,713.191208652989,1
0.529102577298888,174.657117917594,0.320321197264756,1.25389399327856,18,0.500000024162043,175.189170637435,1.55664317573219e-08,0.465014750613229,998.131944006393,1
0.532251299480731,-168.865375048488,0.481805326909131,0.103850381460126,19,0.500008554541713,-170.603170003376,1.13751709303651e-05,0.000264288795621909,998.131940815094,1
0.837603211497899,64.2961782432204,0.4719294393346,3.1246984005061,20,0.50000005321324,66.1258163071555,7.77099477882136e-09,2.0832828824896,998.131966550941,1
0.946974875191093,-27.9132178795052,0.122922725839449,1.59461479901518,1,0.500000003036585,-65.0938328062226,0.433516039175492,2.55772278157631,695.768975470521,2
0.965703735875935,174.815433323639,0.423223160349667,0.371774614053204,2,0.500000026389003,174.656732405104,1.73148589407015e-08,0.367907901898403,998.131944006317,2
0.83414598890115,-18.3551020168546,0.416983525962515,0.382461363449838,3,0.500000000138232,-65.0938269571798,0.394660714605846,2.80953438882293,695.768973950913,2
0.554530808422634,133.733085222224,0.251920602016789,0.0643521135027828,4,0.500004691419862,133.142672741264,1.63305708532788e-06,0.00041400504435029,998.131940806626,2
0.599942321924247,-30.1998696914222,0.00925103609823441,0.289261444771226,5,0.500000065830357,-65.0938716729241,0.376179266228628,2.94755600809805,695.769013846489,2
0.57529578678275,87.6968569434578,0.0511481981895833,0.758029984540905,6,0.500009683634749,87.085491640402,3.61757401194034e-06,0.000200577970257442,998.131940806388,2
0.717076017322641,-172.351997314169,0.0320573548973549,0.172745574862684,7,0.500019192968525,-160.981544515009,9.81075231261171e-05,0.000125829901991181,998.131941292975,2
0.9321574499895,79.3204600100088,0.470185806935316,3.30263483191584,8,0.500000007801289,78.7440229633691,2.19807968906488e-09,2.84274363982193,998.131947718882,2
0.668674063820283,126.746393579622,0.0317839352188221,0.0114432698819596,9,0.500009756525903,133.425919625616,3.39626707569066e-06,0.000200162892397015,998.13194081035,2
0.984685486055301,-100.304454626453,0.451322658730646,0.587378993210392,10,0.500000000626867,-65.0939083484581,0.35794065273954,3.09776130498315,695.768974270972,2
0.577801054128627,157.152386167156,0.407744509341247,0.6112268939237,11,0.500000016899946,157.275868914601,7.56123542818412e-09,0.574483819377953,998.131944006418,2
0.797244791316366,-123.957234947583,0.367631410036321,0.376741161317547,12,0.500000004053085,-65.0938418713668,0.462894267081007,2.39539424807778,695.768975870518,2
0.576624566096054,78.7063334210955,0.131780475290065,0.895803482419505,13,0.500009607738091,80.6603031174154,3.84743855296302e-06,0.000202289533187334,998.131940807654,2
0.882639228727606,53.8938312638124,0.0586047154151774,1.71437334590276,14,0.500000009158899,52.8512960669,6.45995234809826e-09,1.06003243560036,998.13194400632,2
0.632624721952531,-156.316426001644,0.358648320605167,1.10361758251878,15,0.500000030390017,-157.681956903694,2.2246505841752e-07,0.319455745372058,998.131944005906,2
0.501378073415669,-62.3554514077831,0.385537894017879,1.52858094129808,16,0.500000000411259,-65.0938515920614,0.234795394930259,4.72246994738786,695.768974270605,2
0.881135430013931,134.254355231407,0.0682474320586316,0.0511980681840359,17,0.500009823855089,127.022571761035,3.32685415538386e-06,0.000197935952951376,998.131940808145,2
0.618455565306573,-170.067095799041,0.403009623102317,0.414708691663011,18,0.500000029063854,-170.21374697676,3.68306145785187e-08,0.334049195623841,998.131944006323,2
0.706184829829419,-33.6872951670677,0.228251540316343,1.01225723275521,19,0.500000000693537,-65.0938439831676,0.396034901642635,2.79978937676432,695.768974270521,2
0.640686725855082,-82.0629978238725,0.162237021679081,0.541458068737821,20,0.500000003851514,-65.0938465505319,0.43987322642703,2.5207588850699,695.768975870518,2
0.965427332545548,117.564744425346,0.139502457439649,1.33354442806103,1,0.500000006520994,117.710258020667,1.63956959796569e-09,1.02559963444526,998.131942015137,3
0.729179643766242,-125.49093752843,0.0277223013172623,1.87118625632922,2,0.500000022185093,-67.2151845710309,0.433784946222236,2.40397851652944,720.477734501077,3
0.750754640012612,109.088989016098,0.121232205408605,0.415306361145472,3,0.500000129505034,109.05542463618,3.24310168305407e-08,0.102956721046678,998.131944006333,3
0.755300541215918,-37.1118896288021,0.228811308929879,0.418369873438359,4,0.500000006304315,-67.2151801343862,0.493064396627088,2.1149545623339,720.477728501203,3
0.859381370335827,163.487933600764,0.090981436515532,2.41792591525458,5,0.500010828719321,161.386804861308,4.08629845313025e-06,0.000194396745454866,998.131940637392,3
0.554591496734825,-162.598955127278,0.0486879581160129,1.29312313910901,6,0.501116406589797,-161.064654211329,0.0010269177350441,0.000162676596346909,998.131973979954,3
0.92812971576556,53.3709377484026,0.29307227746245,0.761211905873495,7,0.50000005357841,52.6070720927896,1.86618042163931e-08,0.671498856768461,998.131949143811,3
0.63735801706659,-44.8329737718172,0.369350934540264,0.58192890458196,8,0.500000005564633,-67.2151344492147,0.435214048651271,2.39608399151795,720.477728500971,3
0.863101698448069,17.6482433289651,0.229749381103546,0.845768453866967,9,0.500000001205068,-67.215158855317,0.471235385888157,2.2129260912364,720.477726901036,3
0.995977115351649,164.836311082326,0.0393980924517013,0.0133808054111637,10,0.500006979616211,164.760139119341,2.83685063832065e-06,0.000305019830642187,998.131940645605,3
0.513686498180557,-160.784300092425,0.182586121410048,0.789624781899466,11,0.500000000210474,-67.2151536530716,0.411534715111379,2.53395280960529,720.477726581003,3
0.547610174182024,115.84015527519,0.0184541893238229,0.328607951568542,12,0.500008783158457,117.987289540143,2.20490968429357e-06,0.000303489509850658,998.131940806174,3
0.825875455874265,29.8037179665233,0.250831181805931,0.681065909396884,13,0.500000031188984,26.404153781423,1.2345586730235e-07,0.427501994888363,998.13194400634,3
0.88653760727963,19.5228202135383,0.0665532456439392,0.579679173707514,14,0.500000020908544,-67.2151442310251,0.408851779472981,2.5505801227903,720.477734500318,3
0.806890552725082,141.782133648044,0.407620169447847,0.144085670788723,15,0.500000103180385,141.796100224235,2.94248106786251e-08,0.129698249586788,998.131944017005,3
0.6424805755595,-6.04943625599438,0.262820555156284,0.736131355842481,16,0.500000000040726,-67.2151499148553,0.318594109522408,3.27315961684405,720.47772652098,3
0.526500428400268,-156.45985475992,0.346439875851944,0.713987720615375,17,0.500000000252261,-67.2151414444698,0.493150397543858,2.11458712904668,720.477726580988,3
0.652186116493829,135.502976310749,0.084232946813029,2.50330985609568,18,0.500177221458072,133.799944577656,4.74379751827466e-05,0.000301688008782986,998.13195604528,3
0.731039101552735,-127.49719254122,0.336465209544553,0.184515509741124,19,0.500000004177671,-67.2151391130663,0.326738709745594,3.19157030001576,720.477728500977,3
0.950905669913567,-0.743781882340784,0.223702646171276,0.494848762076267,20,0.500000004749959,-67.2151341304226,0.464380427451244,2.24559284765643,720.477728100943,3
0.965149406608683,5.30150950163085,0.485452812622816,2.57820057096934,1,0.500000006245659,-66.8184431577459,0.439830199569198,2.34928285684359,724.069758020678,4
0.698180104338522,21.648550148139,0.131177969733689,1.72658512874317,2,0.50000000022314,-66.8184367880945,0.391939029987254,2.63634096567518,724.069756105317,4
0.845731030757026,-118.32106864001,0.000883052704526932,0.0338272466262583,3,0.500000001346257,-66.8184450862838,0.472962760134025,2.18470788058223,724.069756425185,4
0.610101253215745,-91.2930891907943,0.496372383528427,1.58789489325691,4,0.500000000058591,-66.8184490029615,0.411678598051685,2.50993357586536,724.06975604517,4
0.915004275293536,138.708579659528,0.487712675799384,0.0827273956933212,5,0.500057365099974,138.689306794581,1.4481621892995e-05,0.00020552349846748,998.13194321285,4
0.747750546417095,-57.3224268906103,0.100534365516825,0.549493305552628,6,0.500000006281259,-66.8184344537002,0.441343184960633,2.34123003718753,724.069758025172,4
0.759023520001709,82.8525298155017,0.469388003229079,0.178927998276806,7,0.500000161138521,82.6397003590567,4.26362454759274e-08,0.0912623068953927,998.131944006317,4
0.523475394724523,-82.031101855936,0.187349712463694,0.793327811178436,8,0.500000003847731,-66.8184527769668,0.270354700139945,3.82196288841449,724.069758025178,4
0.643693290568283,146.269099797261,0.459035629685298,0.879744793419175,9,0.500000016616721,146.527972769158,4.53300186684244e-09,0.885005845479617,998.131944006323,4
0.532576662132603,38.2358976136503,0.0519884077837146,2.97045938789442,10,0.500013690304599,39.1842991689059,1.12347975141856e-05,0.00021571543721092,998.131940806697,4
0.868536033257399,-74.3545753957437,0.486893481044816,1.1374309630483,11,0.500000001274459,-66.8184503672905,0.447679468305811,2.30809254807497,724.069756425226,4
0.975457170161905,149.486291110915,0.0833387871493868,2.30304822077986,12,0.500000839295439,150.543505484694,2.40153837669501e-07,1.75078167338718,998.132339289428,4
0.606396104390313,172.224181420502,0.417408239203064,0.607478185351694,13,0.500000025650786,172.337836787717,1.14013491354424e-08,0.573311751696386,998.131944006323,4
0.922437811628881,42.7830875841717,0.208606873675043,1.37118416269283,14,0.500000000133163,40.8607335306972,9.99206794448517e-11,1.10418994244424,998.131940046317,4
0.611194028993891,-30.1242067017811,0.412260325581848,0.278294468860812,15,0.500000000069515,-66.8184463319523,0.488438620950893,2.11548763954825,724.069756045165,4
0.677372870939824,9.109470140273,0.310847698555232,1.48296076545795,16,0.50000000464159,-66.8184437293053,0.407651673367104,2.53472646063709,724.069757625245,4
0.993389694463695,98.0997220043457,0.0635172187838625,0.0479466034072971,17,0.500011759100695,96.2624619106264,2.79409025861305e-06,0.000200556558529934,998.13194064701,4
0.746319188931297,-13.8306564336688,0.00242393855889222,0.508600070241267,18,0.500000004500275,-66.8184256111371,0.316205190656896,3.26776998810532,724.069758025193,4
0.644645323961993,134.162208566582,0.241129129904923,0.833512991748199,19,0.500014872252111,134.440389251696,3.63500694988053e-06,0.000200838668391401,998.131940818583,4
0.863221006315341,-142.74504918045,0.0835898661866333,0.486736615069356,20,0.500000023041565,-66.8184340013208,0.404748967724368,2.55290503102362,724.069764025096,4
0.997340314471992,-75.3003303767746,0.251051212705082,0.222408699544335,1,0.50000002290593,-70.3650284099623,0.410701795898003,2.72827929735175,691.425437631073,5
0.973673537255336,-78.7242007354019,0.218847977297876,1.67014604369291,2,0.500000006468325,-70.365043983363,0.463860478308508,2.41561684212616,691.425431631833,5
0.870665793497899,44.230629394276,0.316710168568561,0.0915493384909862,3,0.500000002576735,44.1899434509171,1.26554806109502e-09,0.0606378698905196,998.131940046317,5
0.538831338363467,-66.1985987655731,0.489543317197632,2.12389486646233,4,0.500000023130219,-70.3650617657279,0.414356293749583,2.70421665880148,691.425437638145,5
0.508186130510516,-149.378766345843,0.00597064295279126,2.23441269683692,5,0.500000001102089,-70.3650528104794,0.395028590680415,2.83652753313102,691.425430031974,5
0.689606284158493,148.788378797572,0.385741172984941,0.119682833772682,6,0.500000007690127,148.797252561258,2.02452023394293e-09,0.101570884852646,998.131940206288,5
0.511505688899674,-178.562138159448,0.476099159174875,0.826750296451659,7,0.500000001096605,-70.3650479959812,0.392815130770114,2.85251082215857,691.425430032221,5
0.983356500664034,177.827283306292,0.447777352431073,1.36276508177668,8,0.500000011216791,177.339295135147,6.03461512145019e-09,1.39300001241162,998.13194400632,5
0.948039114934743,-6.72615382848386,0.400612900745683,2.30976032417847,9,0.500000003791896,-70.3650505581135,0.271926809885683,4.12062834448841,691.425431631828,5
0.811162562242195,25.8874876798422,0.386891606189581,0.781171853317817,10,0.500000023359489,26.7305880079165,3.85952048522122e-08,0.66890131911191,998.131944006376,5
0.502661577869066,30.6825981284984,0.326721200394703,0.556514464460786,11,0.500000001980115,30.3224120939381,2.1787353200162e-09,0.394722776365815,998.131940206386,5
0.615165766749046,-22.9395252785792,0.0829067404647852,2.27038616203704,12,0.500000006803147,-70.3650478901991,0.487871284803399,2.29673100841529,691.425431631837,5
0.937325010074323,-77.5762364937346,0.381718886108441,0.568624162404321,13,0.500000001126716,-70.3650412042851,0.404002744834969,2.77351896071865,691.425430031826,5
0.602793296630151,-163.298002131397,0.0824951662558401,0.41369014144673,14,0.500012517262184,-163.319193565232,4.89422453545145e-05,0.000200752987961756,998.131940645475,5
0.92564772539896,-166.730402050107,0.141779000914324,0.0234435049409977,15,0.500010646856732,-166.905685317253,1.91169576284672e-05,0.000299238368406483,998.131940822737,5
0.633428772832116,121.901887011537,0.285147682666622,0.881051365446534,16,0.500000011323967,122.053792944718,2.36665107544014e-09,0.27596394236767,998.131940806322,5
0.622607211703259,92.6646036063561,0.132804634667888,0.311127376846115,17,0.500039396210136,88.1113041641478,8.63628165105792e-06,0.000396894891875361,998.131944007459,5
0.902852770341302,20.0312297224598,0.397068988253702,0.543005567601147,18,0.500000000233431,-70.3650391679075,0.418517397206247,2.67732974096508,691.425429711845,5
0.527127663031951,-139.245211295575,0.491135884752933,0.21344186385405,19,0.500000005536745,-70.365052856648,0.397022649955545,2.82228088302142,691.425431631991,5
0.734780591362586,-7.80156607255174,0.263858639458101,2.75932114511376,20,0.500000003485845,-70.3650468918595,0.249979063415939,4.48241242119874,691.425431631829,5
0.935747431367519,-83.0088296726949,0.0225222566882303,1.1196538147973,1,0.500000003759792,-63.2848272851303,0.420387181926711,2.31280132933857,747.188988994744,6
0.694401192848473,136.760973051476,0.361211104365636,1.30902149997011,2,0.500000011124645,136.604532548247,4.74259134637835e-09,0.781657410927535,998.131944006326,6
0.657071442562622,172.956448857861,0.14086381074248,0.751093895348265,3,0.500008998485822,175.442953255292,6.98210742291122e-06,0.000185872400846707,998.131940777524,6
0.715886160856305,-176.295551688974,0.452192347522835,1.22686881640477,4,0.500000000083183,-176.77361031558,8.36680696262547e-11,1.04551689446334,998.131940046327,6
0.788374739876716,91.9037885563103,0.0792043911036456,0.921994170770352,5,0.500000008357979,91.5754069788276,3.70116987386054e-09,0.208080329380824,998.131940806319,6
0.714308295048394,111.863862514378,0.248569911309453,0.0716174878277276,6,0.500009053278707,102.235631280502,3.74779667621992e-06,0.000192896833452754,998.131940809577,6
0.958078230676979,-166.57568343939,0.435672643973067,1.65020907475535,7,0.500000005629604,-166.327573348343,9.93769046791501e-09,1.55988175086774,998.131944033179,6
0.593869363890107,164.13204507997,0.039788814464007,0.0567922184838546,8,0.500007713845369,168.934725157709,5.04849937224046e-06,0.000185934185097857,998.131940666143,6
0.948586265544027,-64.7544882267736,0.274411425223751,1.69335094826417,9,0.500000000432934,-63.284826889406,0.241818545443512,4.02066694809112,747.188987395098,6
0.5589853279734,-33.3493994184819,0.464325743627574,1.6237942895035,10,0.500000003808699,-63.2848573476589,0.426365460814047,2.28037114712242,747.188988992461,6
0.710098210208196,148.559422908587,0.0832621403292451,3.05026149026783,11,0.500020282406847,148.730902048578,9.59528126802143e-06,0.000343214602653022,998.131943209453,6
0.567283382780375,112.711541948463,0.24027274959798,0.21332250394863,12,0.500000004967286,112.689408462744,1.99624771892874e-09,0.0875286495305286,998.13194020632,6
0.589680039564168,122.678251417011,0.00534226836560453,1.51868860800743,13,0.500020223950584,122.32778113082,8.15248519463929e-06,0.000344958697361493,998.131943216649,6
0.57132480654495,147.92650038443,0.163147184717022,0.620564617741707,14,0.500004719218633,148.353021683085,2.22550132051945e-06,0.000374487906056885,998.131940819893,6
0.52668263975866,146.302244026752,0.121522443234672,0.26913584873348,15,0.500005437951287,147.655646608958,2.54167389825128e-06,0.000319867441268937,998.131940806454,6
0.723745404066852,85.814307424774,0.150216242100954,2.60604636703627,16,0.500006390236229,83.094066947127,3.07583151246685e-06,0.000272822800495659,998.131940808211,6
0.699394209227027,30.6228792283302,0.143687377957544,0.900089259360018,17,0.500000014826445,-63.284765967136,0.414372039525761,2.34637473168835,747.188994996397,6
0.849238369612293,-155.282854540082,0.13462675009065,1.64221047851853,18,0.50000000014968,-63.2848841824247,0.418359835831931,2.3240018267468,747.18898707667,6
0.763783758196945,-57.518963447226,0.0652370404638102,1.98377328447966,19,0.50000000076229,-63.2848147541565,0.426373463065103,2.28032909662833,747.188987394559,6
0.666971049584202,-159.557086802572,0.0844691655159485,0.116322392655033,20,0.500000000031863,-63.2848355061105,0.356282152295097,2.72893809278387,747.188987014746,6
0.941463441718367,15.7322971016424,0.142749184905834,0.047664084014232,1,0.50000002565701,-66.6427173753419,0.376307579606137,2.78515251264574,718.494364910818,7
0.881814538074459,-42.7065070691081,0.115027545684664,3.42257059683414,2,0.500000001318567,-66.6428595809466,0.386940439179502,2.70862156828427,718.494357305121,7
0.787896968183264,117.741560605438,0.419209482511544,0.180774874979511,3,0.500000001066325,117.743544075097,1.98916654109439e-10,0.167465724408293,998.13194004632,7
0.575211992522149,-21.0389956540083,0.384016225708492,0.0688039468735525,4,0.500000008219571,-66.6428530235987,0.482358706970763,2.17281365153071,718.494358905377,7
0.908816276143946,145.884965218064,0.0441925711944559,0.185800538768514,5,0.500000141355729,145.956375137134,3.12065918486522e-08,0.126336155429259,998.131944006443,7
0.822771784308676,-156.568915019527,0.0118044997458618,1.6623529903098,6,0.500000007064737,-66.6428456123764,0.414645171790613,2.52764413808448,718.494358905118,7
0.532908960720571,120.474157055784,0.223159673360346,0.350511751187958,7,0.500000840823294,120.515275743,1.5762241514436e-07,0.106187396607183,998.131960006193,7
0.777017527744462,107.361409869309,0.090738454495545,0.567097237275555,8,0.50000002049872,107.304496366307,3.8341157297453e-09,0.174227376598542,998.131940806321,7
0.655424163123007,157.671489805257,0.222571166630819,0.25134977459498,9,0.500000011666123,157.841701684499,3.04146834546519e-09,0.0765337722136506,998.13194020632,7
0.712274164098546,-6.8687441951227,0.0457598559905198,1.75217506251977,10,0.500000006042617,-66.6428521582196,0.354423813673198,2.95712486789654,718.494358906405,7
0.814632323879599,128.207612893219,0.185375083187207,0.574257293105115,11,0.500000000647171,128.415579310959,1.24653757138003e-10,0.275818733061265,998.131940046302,7
0.899362773302768,-138.429542956402,0.238415939767464,3.44347068351751,12,0.500000003205727,-66.6428606981326,0.188151271086167,5.57038705754745,718.494358905101,7
0.629795144776077,-105.564083260372,0.0293946952187228,3.7196124390072,13,0.500000000079778,-66.6428794728286,0.468126367714478,2.23887223267864,718.494356925168,7
0.640141293555997,117.131008769014,0.0533048137013674,1.14618889344232,14,0.500008856346442,118.475529643143,1.65277149125926e-06,0.000403737105227225,998.131940806994,7
0.958058269496206,-104.237844271133,0.267815498614014,0.86076311467205,15,0.500000007170442,-66.6428597326009,0.420849711447615,2.49037915648506,718.494358905099,7
0.864083149268627,-123.243619066359,0.281266482515142,1.95326891422934,16,0.500000004386895,-66.6428629123049,0.257476672988508,4.07056459425928,718.494358905102,7
0.708975956111672,-173.993836243453,0.471633980966727,2.16655043995137,17,0.500000014857477,-176.298597273087,8.21569148846976e-09,1.20191121176571,998.131944006348,7
0.816307239313771,-163.755268601188,0.419864964102569,1.99873841110387,18,0.500000012828118,-166.640359121191,1.37444018891691e-08,1.39203065855393,998.131944006323,7
0.82652959755009,-49.972798385576,0.468426242260536,0.579153558617205,19,0.500000005728081,-66.6428471445624,0.420245313341577,2.49396134433689,718.494358505103,7
0.621259541446576,117.498910010872,0.396433634822266,0.226298668716823,20,0.500000000860404,117.504941845936,1.60259521110673e-10,0.207831875024758,998.131940046352,7
0.908917005529742,81.2313912315915,0.436562191212421,2.89274593637096,1,0.500000598902404,80.9282637708504,1.4898882779673e-07,2.7069123351689,998.132341036931,8
0.980336673666423,66.5429524656377,0.0385084224912607,1.58146212471268,2,0.500000014994365,65.92251630857,4.76458691742371e-09,1.07580568025376,998.131944006517,8
0.910214924390776,-98.1571585539951,0.23658366869046,0.205801396580724,3,0.500000023149607,-64.3952140814098,0.376948811096849,2.78689218992517,717.576903979291,8
0.973732574322797,104.042203375474,0.0666173922741836,1.32400588011085,4,0.50000155235758,103.879814737282,3.26215228789531e-07,1.0388120182014,998.132340059044,8
0.57421644856235,47.9193255341669,0.0915725367570462,0.534840664417113,5,0.500008132922345,46.5161369404892,4.6815378338775e-06,0.000397006182664037,998.131940806729,8
0.699859405488107,5.09582501397094,0.161836970825167,0.165205042845626,6,0.500000004190718,-64.3951732328104,0.272949599247309,3.84875393561385,717.576897979062,8
0.600242269671008,170.708233981316,0.185775415718074,1.27510597675513,7,0.500014498139767,164.722139965527,4.67803132840589e-06,0.000214386661959127,998.131940787571,8
0.913570794003886,-99.7728136124026,0.371352566105502,0.26628995862122,8,0.500000001249126,-64.3951514919596,0.406788229411338,2.58246353290075,717.576896379029,8
0.649048688126989,8.9083915632217,0.293489759662117,1.54094873174188,9,0.50000011427624,-64.3952728152959,0.370036004060884,2.83895361935741,717.576936209218,8
0.66979155495395,-35.7087080265202,0.10299939398163,0.201838634705165,10,0.500000007453057,-64.3951632471333,0.485432575912202,2.16408203017582,717.576897979035,8
0.81502483381472,-155.828835483168,0.484759307647764,4.75750396249205,11,0.500000000252568,-64.3951473572921,0.411251908068776,2.55443390684985,717.576896059031,8
0.793201919409101,-127.064692815283,0.453902887089878,1.24301147051112,12,0.500000001240737,-64.3951396472311,0.404058019048174,2.59991276452338,717.576896379054,8
0.732344703823224,82.0280058590576,0.498621149250646,1.02132944430289,13,0.500057537912516,85.8627016947681,1.38161508062942e-05,0.000281856110133421,998.131944056221,8
0.924818828204894,4.31083201435882,0.499948329012901,0.351189493983347,14,0.500000001456831,-64.3951570681617,0.474431590050948,2.21426227075338,717.576896379033,8
0.515020485430302,144.662114214308,0.0940447650771138,0.699561758964134,15,0.50001601615568,142.981214324271,3.71168582456857e-06,0.000181683491604304,998.131940728251,8
0.97530238709639,35.0198853117396,0.145619977302333,0.130361786529618,16,0.500034978787791,33.1831863601462,5.45962977082207e-05,0.000460891014925456,998.131944006601,8
0.643460719618686,37.6721059205352,0.146402904902749,0.595933745393051,17,0.500013387065105,33.2603654507761,2.06084395890243e-05,0.00024167256847006,998.131940807607,8
0.790171583855306,85.5722222465277,0.245332540395922,0.540576127960524,18,0.500000000605275,85.1835303464542,1.44332800237363e-10,0.266475232396335,998.13194004632,8
0.990506022640758,-146.334271306675,0.143007090619061,0.0125105360223574,19,0.500000005065192,-64.3951507618868,0.41237678868467,2.54746594617276,717.576897579049,8
0.607978146510413,144.648073649431,0.362978088600353,0.555843079431176,20,0.500000034263358,144.755869384691,8.067402826533e-09,0.470737041334624,998.131944006321,8
0.660573736346855,52.8131278151064,0.0104865894436132,0.548355525290383,1,0.500005054034375,96.7026362876202,7.52400475913203e-08,0.000310875591632574,998.131940261728,9
0.574108928611203,112.659072306214,0.335140648668648,2.73382216560395,2,0.500303770872844,112.492660078529,7.81150873309486e-05,0.000181397669562904,998.131956947481,9
0.848716515727084,62.7841599694605,0.196946496295216,0.90415685870768,3,0.500000024258939,61.4664629795549,9.909427841979e-09,0.535348835845987,998.131944006317,9
0.916096158337987,171.141598420968,0.241824438933312,0.358634750117695,4,0.500000000437975,171.504715848828,2.20867838703377e-10,0.296555285220665,998.131940046321,9
0.523347732023097,-174.599597130095,0.413720506278015,1.97288695458325,5,0.500000000082767,-174.300048293684,7.4837606566571e-11,1.56934716298426,998.131940046328,9
0.643751119056549,136.708915669393,0.373368509996903,0.593414831813569,6,0.500000000252183,136.764739823516,7.15240993380332e-11,0.514926261993877,998.131940046318,9
0.744960245720548,147.840576431709,0.440848641547462,0.968419781690371,7,0.500000000130689,148.175135985051,4.16341511434685e-11,0.993859236917402,998.131940046326,9
0.957415685921828,-53.0005313940235,0.236814760890197,1.69704780959969,8,0.500000003823665,-67.7165410374026,0.304092941831702,3.39715537031142,724.157942082411,9
0.581955003844394,72.5696750476525,0.28433110108338,1.35024726904956,9,0.500023867679009,72.4666733310835,8.0237734250042e-06,0.000435311896506133,998.131943207242,9
0.509410536608511,101.140794938551,0.454378600433253,1.59077706197399,10,0.500000008883922,101.112435764792,2.33326445512927e-09,1.46404154049734,998.131944009048,9
0.736218042321623,131.353456190964,0.413556706583953,3.64305724639368,11,0.500269337540813,127.408755751003,7.18133982507641e-05,0.000195536969320216,998.131956205608,9
0.993441144101214,59.3430565620297,0.300510583848426,0.494497296987502,12,0.500000008093631,60.6635340527888,3.36431733825776e-09,0.320916188321127,998.131940806317,9
0.902881631345301,-63.0357064155413,0.0758696190353528,0.0896810045767592,13,0.500000001198818,-67.7165470067429,0.476799246441774,2.16663684662058,724.157940482025,9
0.68175351887296,16.1540736402098,0.399435718989866,0.226373959936572,14,0.500000002474369,-67.7165409618074,0.196823594691165,5.24861363204769,724.157942082013,9
0.599190948384693,157.958950687864,0.190419398948605,0.0434520208883499,15,0.500007435230824,157.899399130308,2.74284937851639e-06,0.000349298431269688,998.13194080615,9
0.704923239095974,-129.754610176661,0.478569944461115,0.294932701831,16,0.500000092907884,-67.7166713159681,0.369613335286892,2.79495049109652,724.157980073201,9
0.721942222507638,-38.618934107232,0.435240670676539,0.234106573844653,17,0.500000004621386,-67.7165442421095,0.367607792517819,2.81019885967663,724.157942082014,9
0.65711711257566,84.5191385016937,0.25592186694274,0.113868531170774,18,0.500000243409841,84.4552577703177,7.1034444656015e-08,0.0533625751745285,998.131944006917,9
0.709248351408599,-50.3620568490318,0.0569466123812576,0.962746862487552,19,0.500000000239053,-67.7165542863962,0.475386920593999,2.17307410766841,724.157940162023,9
0.755896213214859,53.9171919157893,0.335940568335356,1.60864312681001,20,0.500010054718848,57.4176644687724,4.50706500559912e-06,0.000206578799379494,998.131940645924,9
0.870287050156067,117.010173837798,0.0756437677803287,1.75638964554358,1,0.500000000213017,117.186120484295,4.68332518470349e-11,0.711821977199097,998.131940046333,10
0.872092823735344,141.227672312053,0.428935667001126,0.936191131632484,2,0.500000000153009,141.464466352746,3.91809330584818e-11,0.989863412455202,998.13194004631,10
0.629142264582621,84.2499323620858,0.118228135508722,2.44137956718423,3,0.500011110035899,77.1181567661227,2.88148562539561e-06,0.000218786236156182,998.131940647331,10
0.542470886457056,120.1283220655,0.335283635449863,0.643328593659062,4,0.500000160231389,120.201922512756,3.55470958682299e-08,0.472803724898439,998.131960006468,10
0.577239926653063,-80.8349352315777,0.279838749227109,0.352598286422023,5,0.500000000699949,-70.0179969586169,0.243664001408575,4.32931748992654,715.92501599525,10
0.802454793236011,-50.1134315647428,0.302896517767667,1.17608659792423,6,0.500000001236904,-70.0179930877214,0.430587129500066,2.44990832052479,715.925015995256,10
0.733238243302364,-109.288387488657,0.336101250058367,0.215794598772995,7,0.500000001362296,-70.0180032820126,0.474234514235138,2.22442451039463,715.925015995255,10
0.6109533693333,109.16979135723,0.0708351704163105,0.689131569278074,8,0.500014701589037,109.377283496917,3.18758407732384e-06,0.000185834971832417,998.131940725074,10
0.512608076413597,121.202198062529,0.166929750673632,0.770468701140692,9,0.500016409660589,120.313987330588,3.63952233421647e-06,0.000184663077795922,998.131940806065,10
0.902042073645767,-142.292396410996,0.391382178275507,2.16442782550359,10,0.500000006027658,-70.0179960766493,0.419665746646157,2.51366485568998,715.925017595257,10
0.50568470904653,-159.114635379292,0.137807382820737,1.12322716138594,11,0.500000001611846,-70.0180020552124,0.112222126925768,9.4000962500813,715.925017595254,10
0.733915177746942,-44.6901543841748,0.46396001677944,0.636591163893147,12,0.500000004594715,-70.0179988694039,0.31989931062946,3.2975965084986,715.92501759525,10
0.674538692183415,82.1636708485529,0.382729574834995,0.311146632993966,13,0.500000000542027,82.1322539180445,1.33798284480303e-10,0.279521280343272,998.131940046312,10
0.895962267500245,-101.814759748566,0.37146129549269,0.461380404998896,14,0.500000004996322,-70.0180233950929,0.34786065766855,3.03253204261464,715.925017595324,10
0.735493424553163,7.09521819393521,0.484293052643723,0.805005269343864,15,0.500000006208691,-70.0180074500069,0.432269989411374,2.4403703442635,715.925017595258,10
0.697702390680776,-161.10319961242,0.249470012649819,0.104263088502266,16,0.500000000225478,-70.0179886638536,0.392463719748758,2.68788793298976,715.925015675286,10
0.694600170227929,106.295694166675,0.302933829082573,0.0312848963958496,17,0.500045397498288,106.658982260279,9.92947081578688e-06,0.000333737072113193,998.131944006389,10
0.561526045036425,-15.2745960075749,0.109469836242973,0.0144075275477529,18,0.500000003506559,-70.0179904924225,0.244138382488514,4.32090513011727,715.925017595259,10
0.691775760137561,-162.035305553603,0.0802366999483057,0.551539525612034,19,0.500000000066978,-70.0179912718634,0.466381297046825,2.26188070561597,715.925015615255,10
0.703726228732141,68.1444977359079,0.206742518180363,0.208702517659485,20,0.50000001125914,67.9440268529145,3.31174007392555e-09,0.0672845403044379,998.131940206377,10
0.797313623191016,43.2297951258906,0.411678341111837,0.53210579845388,1,0.50000000022218,43.4839954357797,1.95744421650697e-10,0.478910271018993,998.131940046324,11
0.812456656370417,-126.232215315276,0.0182305059253909,1.20602069973447,2,0.500000017261193,-67.3883421019653,0.421314530939474,2.46533831722546,722.033226069063,11
0.548196584452227,-16.4359570032023,0.261962826444973,0.687148801743921,3,0.500000000049453,-67.38834481274,0.482726767613018,2.15169917794589,722.033218088786,11
0.93282559380971,38.3620673772773,0.074946114886399,2.78438288966689,4,0.500000005316212,34.1749691279613,8.32700093353129e-09,2.00110367129686,998.131944006318,11
0.609650898548343,97.4172512188148,0.128808126161843,0.35066262615842,5,0.500010400792562,108.219810851849,3.27783859269618e-06,0.00020451143538879,998.131940806412,11
0.998565579296202,160.437570183201,0.115687120396096,1.51337094984061,6,0.500035309311165,159.204589095716,1.6097133627997e-05,0.000307321519804158,998.131944081816,11
0.504409742857096,-114.91794628826,0.219197385298229,1.28144723028311,7,0.500000003630261,-67.3883427645474,0.354444892509948,2.93044907757144,722.033220068792,11
0.687435585583157,-164.428860396978,0.356083031639869,0.20002651185329,8,0.500000017235623,-164.515417989274,4.36191572734777e-08,0.123445547434722,998.131940806314,11
0.608643270588445,-162.929252515056,0.429446610561827,1.17683235600469,9,0.500000012257788,-163.59793674479,3.55835465372542e-08,0.867888559581484,998.131944006362,11
0.925238185178599,156.035360063814,0.333599624502838,0.1373161255941,10,0.500000000991147,156.097893802055,4.29015331042057e-10,0.107319203561215,998.131940046318,11
0.954574725380929,98.8366708494627,0.0249759432761659,0.18812742321249,11,0.500000019002601,98.8241388283504,6.14348367664939e-09,0.111967257190952,998.131940806325,11
0.50940646605884,81.7064348983824,0.0803807340445852,0.261169281362969,12,0.500007741892228,81.6162904043357,2.83487668615825e-06,0.000274920155824531,998.131940806479,11
0.759829441302457,148.380550474449,0.468511946388366,0.439202005496228,13,0.500000029232227,148.476820990149,1.10586368103341e-08,0.371313898939657,998.131944039409,11
0.747492936113267,-15.6947892879313,0.215760732574453,2.0609692621686,14,0.500000002732953,-67.3883559441887,0.266835251479456,3.89260029912559,722.033220068759,11
0.695535624987779,160.033385425307,0.411959224163381,0.514614603982749,15,0.500000022184321,160.004388827418,1.02892949333481e-08,0.479545162996862,998.131944006356,11
0.675731747661746,-163.375601583626,0.0449379649648118,0.92571744785403,16,0.500200887515402,-164.50195693653,0.000525117472869673,0.00020925307456754,998.131956056462,11
0.744497236944236,13.69325507526,0.134206641447434,0.950045551299022,17,0.500000000725099,-67.3883660263712,0.353496886080478,2.93830902129343,722.033218469316,11
0.636631547892983,117.000687666296,0.483701092839443,0.452770391270411,18,0.500000063905257,117.08325549058,2.01263359839545e-08,0.166470687858244,998.131944006338,11
0.978512901259154,31.1958588058209,0.286248709617448,0.580527918596417,19,0.500000031023729,30.2925097605583,7.28778152937178e-08,0.342909998097585,998.131944006332,11
0.924489897985955,11.798462127136,0.331767281968242,1.1665992938921,20,0.500000000167042,-67.3883515006216,0.407725795852367,2.547503092214,722.033218148778,11
0.953043680909662,111.968426884607,0.263064843321186,0.75700947397498,1,0.50000001306531,111.93141604089,3.00441459877038e-09,0.615917076606853,998.131942229611,12
0.886858961867037,-155.117339501717,0.263755391363987,1.32117158211893,2,0.500000000224225,-66.2359507678924,0.401383344243625,2.54829713325034,728.014168932559,12
0.936517950769876,-44.4683872598722,0.217255439858928,0.517765080977139,3,0.500000005751479,-66.2359661144659,0.411800734265346,2.48383329087183,728.014170852535,12
0.55977067054463,-40.1662297042758,0.295713080908691,0.293372857780108,4,0.500000002773501,-66.2359657211408,0.198580390480663,5.15078209610722,728.014170852532,12
0.657049639765725,72.6371957859121,0.195244495126878,0.00346120971844121,5,0.500010671761029,71.7217983182191,3.3779157515322e-06,0.000271461513612579,998.131940815697,12
0.818725416878124,104.507343101912,0.322605985011813,2.03222742707826,6,0.500014250002589,102.904310001733,3.43607781164675e-06,0.000198612968976917,998.131940799969,12
0.628025373045214,-101.882844607061,0.034063244840662,0.879602765014614,7,0.500000004008603,-66.235978333664,0.287012627375601,3.56376173112036,728.01417085257,12
0.952765594467318,0.209489334131774,0.394165484351506,0.660619593414475,8,0.500000001355335,-66.2359645137984,0.485225439909918,2.10797737804545,728.014169252518,12
0.974035824407233,80.323487893418,0.0693442050088753,1.13771457201716,9,0.500000000159219,79.9774915797797,4.52026081291495e-11,0.89776989489667,998.131940046332,12
0.878929400691859,92.7818365251393,0.12818754181068,4.42140088116076,10,0.500011505835486,92.5001789459873,2.9064190882515e-06,0.000199415039235906,998.131940647812,12
0.786434281805311,160.596528824479,0.332004426602742,1.23136530322254,11,0.500000023860362,160.461117252272,8.2139322957702e-09,0.598721975480824,998.131944006326,12
0.631013625909595,-114.373642451811,0.322369987575784,0.521675616672109,12,0.500000005431096,-66.2359683384473,0.388861801286795,2.6303546220604,728.014170852537,12
0.60906905967806,41.2373102388495,0.385908965499616,0.192062925969374,13,0.500000019992938,41.2584137113271,1.57024068251881e-08,0.142907699028974,998.131940806318,12
0.782854703651449,-43.2009065821921,0.0971654920553297,0.0565997327048836,14,0.500000006084119,-66.2359564748207,0.435617649170748,2.34803197171381,728.014170852542,12
0.775423329624395,135.742298656412,0.287879990851864,0.332851789862363,15,0.500000003514674,135.860612726079,8.9507856723634e-10,0.203387095577514,998.131940206414,12
0.669347202496124,115.639894353841,0.330292601294523,0.0845397419003528,16,0.500000011465493,115.639193705357,2.70855064797986e-09,0.0622978859292735,998.131940206318,12
0.559785091195759,63.9005444154724,0.317493472504589,0.343739161662751,17,0.500000002966106,63.7387464400195,1.0895343622668e-09,0.241058229452211,998.131940206471,12
0.533778353633679,-75.4223334052862,0.330262180743631,0.649199336487187,18,0.500000046998201,-66.2359576112672,0.168251885370848,6.07924498092149,728.014208852476,12
0.920006112731053,19.6099601000829,0.366923707978569,0.384983037547824,19,0.500000000978622,-66.2359387082788,0.35039989270724,2.91907275170444,728.014169252975,12
0.726598226139124,-131.868872775909,0.256069905213081,0.51851751425533,20,0.500000080178157,-66.2357924682973,0.353441211472688,2.89395970606927,728.014201339766,12
0.876330080859825,92.699570207385,0.0263089507209856,0.212446133583767,1,0.500000003657285,92.6704630899436,1.08683728650745e-09,0.167992958925425,998.131940205803,13
0.939439388718639,140.204168818272,0.128712365612743,2.86601892116323,2,0.500000006436588,141.457306374667,1.97590891043358e-09,1.9214210726124,998.131944010781,13
0.586458275845723,-174.150988010382,0.084402850902727,0.689955907784013,3,0.500014305402118,-167.323827517597,1.5952662531355e-05,0.000147068272059551,998.131940634929,13
0.811928770208391,-119.573466564736,0.0577773371350263,1.47472389841354,4,0.500000000852504,-65.3327689963479,0.350678748495219,2.89722511697816,730.605036544636,13
0.896428310332327,-35.4599170581764,0.0115601539166262,0.545099250360159,5,0.500000000842204,-65.3327718935208,0.346544840589994,2.93178521534046,730.605036544485,13
0.514570762995714,-159.690634151927,0.0643163027420522,0.050815343891509,6,0.500000000074062,-65.3326806799364,0.358801155387617,2.83163822030287,730.605036179389,13
0.654573396081395,144.442648050586,0.390274820142519,0.713699743339131,7,0.500000019183471,144.500552080287,6.06813396373879e-09,0.643558407832247,998.131944006451,13
0.75679381067621,165.228625874222,0.264033717543856,0.185803511968288,8,0.500000006375186,165.363349752188,2.76149071625636e-09,0.0968276748189657,998.131940206323,13
0.924707957042897,66.2796536677209,0.440768590441993,0.884779359559056,9,0.500000014639887,66.0864002138269,5.95654401699978e-09,0.861347921095941,998.131944053177,13
0.970000778017583,-4.63879253739279,0.481508639544457,1.4346397177965,10,0.500000000914301,-65.3327633855265,0.376228432765434,2.70047196519383,730.605036544535,13
0.663769227183236,75.0435067894023,0.31157540524845,0.391076539978743,11,0.500000000478415,74.96192326716,1.70619562945316e-10,0.258063093838588,998.131940046324,13
0.589434720251132,99.8039173734376,0.199549438549945,0.0932060627102712,12,0.500012519189665,67.4743119684095,5.06622872480309e-06,0.000195089983325439,998.131940798527,13
0.6909781322682,-157.953983323634,0.157034960234595,1.00151574076764,13,0.500000004652282,-65.3327939650135,0.478575288099217,2.12295697644024,730.605037744487,13
0.806951533776981,160.263534130296,0.268763465670706,1.94927169601727,14,0.5002966317686,161.097313092287,0.000118501922262797,0.000187245903593758,998.131958033807,13
0.665248706330679,178.647935462639,0.0092850204668638,0.506303565940331,15,0.500000000146403,-65.3327837556828,0.376512388755702,2.69843690854513,730.605036208465,13
0.784822515769207,-111.581867659437,0.0157630770455009,1.1472568773801,16,0.500000004009035,-65.3327873373215,0.329926061052351,3.07946245382913,730.605038144468,13
0.750904022530144,172.954005497819,0.0617807694324091,0.560035696685541,17,0.500000003843122,173.23241261241,2.02195494277774e-09,0.160619657324189,998.13194020632,13
0.939278809576153,-76.2442570947966,0.190891800493523,0.127891465836101,18,0.500000001050781,-65.3327859487787,0.431971516147692,2.35199502617288,730.605036544836,13
0.975064404736616,-21.4598471821554,0.217042109101312,1.48026242637542,19,0.500000000835634,-65.3327846993903,0.343845604789917,2.95479945197435,730.605036544464,13
0.848500938751465,-110.275857409739,0.137806324540402,0.107891401592754,20,0.500000000888968,-65.332751864322,0.365538770693633,2.77944251121157,730.605036544964,13
0.593582718884011,-167.888764646418,0.190561921407653,0.0596893258516136,1,0.50158374764075,-167.64732587071,0.000617576117982768,0.000150371800708284,998.131973408939,14
0.687022785485214,49.4871862416926,0.168889872067866,0.141502288649148,2,0.500021571674461,33.884939410159,1.54590850263128e-05,0.000168640855077325,998.131940805759,14
0.720089821929217,116.486174002671,0.147754811987049,0.607186642581369,3,0.500018359896998,118.458307638313,3.29377366730771e-06,0.000198256387622494,998.131940805946,14
0.956801195603908,145.39318291482,0.0574198996095133,0.303602370026179,4,0.674698975803667,146.869895634724,0.0668367577103898,0.000541214077137127,998.160150565806,14
0.976235805819541,157.90169959415,0.2627362166145,0.155245008405712,5,0.500000002004351,157.997281401065,5.37309402219711e-10,0.0906836308385221,998.131940046317,14
0.646210182848887,-76.0070188474217,0.236662150410725,0.232550627457179,6,0.500000000820667,-70.4435969939459,0.247288855618481,4.4310628141448,700.625683728885,14
0.667397398160128,-130.546508839067,0.0157598678760028,0.258347364673353,7,0.500000001465,-70.4436018249035,0.441451404390821,2.48215866746074,700.625683728873,14
0.508275778659224,-119.913953379629,0.400296914248423,0.247437149513164,8,0.500000001529163,-70.4436030702452,0.460785639633588,2.3780086267176,700.625683728882,14
0.774829189625353,31.5779393424937,0.377827296179129,0.0299394441772161,9,0.500013308415168,31.5863881856606,1.11454678921227e-05,0.000273375923388798,998.131940799517,14
0.542056688350175,-82.7994724817552,0.392222419523094,0.396200140345514,10,0.500000004450149,-70.4436047236252,0.268194497455727,4.08566321948736,700.625685328873,14
0.970938609896961,46.9590819464953,0.256324738760473,1.4469773686469,11,0.500000034366096,44.6555964774892,9.98965464765586e-09,1.10678714949512,998.131947092599,14
0.711585892548487,100.986521381844,0.490812443858919,0.704624312425567,12,0.500017046734269,48.0250950983442,6.36487513495178e-06,0.00017071744631863,998.131940646968,14
0.869970688478121,59.2241062356733,0.0287034521179223,0.263786718925746,13,0.500000004402177,59.1376675107118,1.22755339435774e-09,0.206666840426241,998.131940206429,14
0.901595997997161,17.4559379600687,0.205624716879696,1.60858236383066,14,0.500000007048296,-70.4436087070456,0.424775379836709,2.57960471306652,700.625685328875,14
0.528666106778729,122.832475654464,0.2518144842822,0.286577386237753,15,0.500000006889431,122.907790881091,1.25900569193964e-09,0.132073115178419,998.131940206528,14
0.658175804003863,-101.25230048821,0.104052707602775,0.095775273965241,16,0.50000000776278,-70.4436312070995,0.467832489563255,2.34218998499449,700.62568532896,14
0.680417515045582,72.9686118543025,0.174063147682116,1.64853658229161,17,0.500008992235232,118.719768805402,1.64572656925511e-06,0.000384877352783799,998.131940773981,14
0.543177494042937,156.653272137825,0.321156102778904,0.184968498032312,18,0.500000006793053,156.739599045241,1.78010248258731e-09,0.133960878986272,998.131940206713,14
0.963105725814012,44.8529708289687,0.233894656670229,5.92216305617566,19,0.500000000065658,41.6958945582021,3.09912523171348e-11,2.76794646308235,998.131940046317,14
0.59657046266037,-146.486864537518,0.239867486075077,2.15120361805013,20,0.500000002086628,-70.4436095686839,0.125558642500812,8.7270182137082,700.625685331981,14
0.854495146452041,31.4630866772101,0.39443734424156,2.23374953449419,1,0.500000000099878,33.5209192413729,1.28703520422718e-10,1.37154180489348,998.131940046321,15
0.997966864674954,86.2172825519725,0.396489612596587,0.109376746218758,2,0.500000001583268,86.2978854813266,4.25818978359008e-10,0.0865472242090853,998.131940046327,15
0.769477135918716,-37.3085048293106,0.135328946122276,0.413779535371378,3,0.500000001026826,-67.2516315154887,0.396920348432988,2.66876173086837,714.277509467779,15
0.9217652246596,70.8848550022824,0.0343818611123632,2.01011640970013,4,0.500000042784196,70.4249603776209,1.39375240798215e-08,1.60094341508713,998.131960006617,15
0.704735922238802,17.0661289748486,0.30317202545648,1.44894043505569,5,0.500000004320415,-67.2517020960248,0.417381550504938,2.53792826010527,714.277510669504,15
0.611119717583072,-34.3159665986554,0.304362411179522,4.93416468075625,6,0.500000003834186,-67.2516200121244,0.29648945215782,3.5727605463542,714.277511067693,15
0.794886128438904,33.0337188221633,0.430576316913896,0.152568873593918,7,0.500000137855382,32.7560261278905,1.91061668064044e-07,0.09936861583654,998.131944006252,15
0.8114516466552,78.2692195806615,0.400034665792963,0.0527849430203055,8,0.500014028124188,73.5854841212092,4.35802119863572e-06,0.000194901426865,998.131940804696,15
0.583920664264884,100.962843636274,0.063614610824624,0.166949016195489,9,0.50001337284904,99.4792312924911,3.31108294125855e-06,0.000204615076602531,998.131940805521,15
0.847733165242404,67.5063898881309,0.179876325354428,0.106812747280729,10,0.500000215321975,67.4016775565898,7.3787904590905e-08,0.0636231318191771,998.131944006429,15
0.628104828545572,-94.8455434468268,0.337744659801948,0.700728985861906,11,0.500000004195011,-67.2516163396265,0.324399142725082,3.26537860795121,714.27751106765,15
0.742708859164426,-49.9486182564015,0.371765874035608,0.188703098685559,12,0.500000006372857,-67.2516191495562,0.492799650357739,2.149525383869,714.277511067747,15
0.741506589013123,92.6076457880912,0.28088730465947,0.900878173436107,13,0.500000000534924,92.3451495487878,1.37461292883485e-10,0.256044984089778,998.131940046313,15
0.837109967775064,35.3721524948284,0.298200467019686,0.201066550844742,14,0.500000089026693,35.1048799444196,1.00202721194247e-07,0.153870700377931,998.131944006323,15
0.798812480423227,-130.375244945486,0.0516789382220442,2.65831611304091,15,0.500000001111292,-67.251620943022,0.429664833017966,2.4653769254805,714.277509467698,15
0.831698585860494,96.9965227141453,0.485011891096667,0.492000225658115,16,0.50000003367024,96.8627133500611,8.42283636936961e-09,0.407382311266627,998.131944009432,15
0.694527096070897,-59.5736670854988,0.1707662977659,0.411762497713884,17,0.500000001131902,-67.2516274739685,0.43763791076121,2.42046208335583,714.277509467684,15
0.83173320053659,141.491365610866,0.292275582405042,1.84712532644118,18,0.500010778039971,135.8065905216,2.81780911048075e-06,0.000203627614631964,998.131940646759,15
0.827410469698185,140.47861368784,0.0293596612918049,0.08245806216434,19,0.500009602897137,140.609892386612,2.61434447581623e-06,0.000285456182753346,998.131940806457,15
0.98929709301686,-77.4568558048966,0.128445250092302,0.315802752347258,20,0.500000001052549,-67.2516251593294,0.406956799183364,2.60294436646334,714.277509467685,15
0.743845624777,-137.177986304612,0.297460884546735,4.43728735194151,1,0.500000000864692,-69.8344287086838,0.367112938716707,2.7534590570566,732.558116561575,16
0.827627428686827,90.2638473004228,0.215292550036043,2.24536083351336,2,0.501157624435416,88.4877718711386,0.000356616147624656,0.000210142648482721,998.132021857609,16
0.858085122609947,82.3622129739704,0.366998313837651,1.71541893522777,3,0.5000000118604,82.110236263447,3.83701109121375e-09,1.00373691163347,998.131944006469,16
0.83645300855859,-44.1495951596528,0.062216209313377,2.13984120297819,4,0.500000004340743,-69.8344059861972,0.368571544078564,2.74256242046077,732.558118161535,16
0.570027875869455,-163.627489102323,0.307980256750809,3.92290653704525,5,0.500000016945563,-69.834401108201,0.356891065030157,2.83232217606566,732.558124224747,16
0.795018469659508,-166.32739312267,0.0590606089665994,1.49722025214215,6,0.500007851078032,-164.429167271942,2.82380793825248e-05,0.000244664934927081,998.131940654715,16
0.997489068524471,-92.2892174469004,0.202702673164932,0.41565249237329,7,0.500000000741561,-69.8344081627224,0.393527143059454,2.5686425093223,732.55811648154,16
0.643370610641667,-18.254948697923,0.211387048588561,0.281946977365255,8,0.50000000543705,-69.8344123151241,0.461658533068096,2.18956320664563,732.558118161538,16
0.753651268898306,142.55671904835,0.193870016563998,1.9877354467047,9,0.500010152765773,143.711942410768,3.4650497784482e-06,0.000235520735433106,998.131940808305,16
0.910303907424683,34.7689442535395,0.411795604521738,0.0177429763947214,10,0.500012493161348,32.6337176372897,1.66341734310695e-05,0.000190567753404513,998.13194080905,16
0.950508360623158,23.2274535586495,0.427951195325873,0.676268588692751,11,0.500000003727754,22.9549604371524,2.18687208634064e-08,0.638715886388036,998.131940806373,16
0.875232242688796,98.3440808476298,0.0114473242005245,0.175994545107321,12,0.50000000438886,98.3289686916729,1.27548732863037e-09,0.136101708674877,998.13194020666,16
0.886592986648254,-20.1056379894381,0.472217162275172,1.15053898897504,13,0.500000000039176,-69.834412087949,0.415806812712326,2.43100997108786,732.55811617754,16
0.909717248080487,-148.86564747726,0.289439131553579,0.98802062738456,14,0.500000000177979,-69.8343977003992,0.377779139805473,2.67571788585226,732.558116241548,16
0.742998779352547,17.847249833432,0.238741611629049,0.775899069133559,15,0.500000000187854,-69.8344062456183,0.398767494227184,2.53488677692273,732.558116241536,16
0.629548738409836,47.7344237838428,0.00494378718669369,0.0473273569894061,16,0.500013064646892,52.618020931896,6.96679815414609e-06,0.000182296199051277,998.131940807487,16
0.575611277083142,-152.990290978819,0.396861797107338,0.0640010189392888,17,0.500000004657353,-69.8344126916928,0.395454928226114,2.55612073291561,732.558118161538,16
0.961510905021664,35.007578003441,0.210065834494779,0.107889465996703,18,0.500000005805791,-69.83433530148,0.492643660296079,2.05184705146263,732.558118163517,16
0.654806769947717,-121.687872166749,0.026789406509826,2.4459499835948,19,0.500000004069684,-69.8344031891473,0.345555987719626,2.92522913476141,732.558118161535,16
0.761411063082297,-168.674503897992,0.493256023516098,0.95664436593159,20,0.500000000932322,-69.8343688803347,0.395793665596555,2.55393289640244,732.558116561679,16
0.857637232201474,-77.2308641270261,0.229739085349268,1.93168142955799,1,0.500000004912497,-67.0622897478732,0.39843229658522,2.64367027087891,716.519096005637,17
0.603432231080821,-114.057818223005,0.164495515082877,4.34037481884516,2,0.500000003606182,-67.0622685442881,0.292482669864675,3.60131943915977,716.51909600562,17
0.884930318524143,-100.045825833862,0.11444505630394,2.6746356414222,3,0.500000004470893,-67.0622763227345,0.362616037410528,2.9047904702198,716.519096005615,17
0.550065502594898,152.724979623282,0.136867347425943,0.549956247270622,4,0.500008898764139,153.03631169868,2.96847591386472e-06,0.000292656645992235,998.131940808776,17
0.828017348892771,70.1413305289317,0.186647870397068,0.0955053813492883,5,0.500000306492557,70.0560916590366,1.06630566323176e-07,0.0404691861361995,998.131943826447,17
0.776561308946071,-60.9209544982349,0.131895397796094,0.0993136146176532,6,0.500000001069248,-67.0622719625905,0.4336119345664,2.42918492341378,716.519094405618,17
0.591900113484796,62.5038287879665,0.350993480460382,0.361521594855037,7,0.500000002240257,62.4236090282187,8.98236403427486e-10,0.289842020941381,998.131940206312,17
0.64341719348954,11.089508336886,0.301249120185377,0.977448639512443,8,0.500000000972648,-67.0622856704691,0.394566967325509,2.66956963444126,716.519094405517,17
0.856743662705248,129.235530856238,0.44857325585958,1.25626372187128,9,0.500000959048733,129.621671799997,2.51588078182854e-07,1.37386858657727,998.132342912554,17
0.535473046465422,155.95630603765,0.246551178458755,0.436944148916307,10,0.500000003906435,156.273071070976,1.36931071498904e-09,0.166225269682541,998.13194020632,17
0.752211209629871,60.3755442057087,0.443954119221275,1.13906770598537,11,0.500000011287952,59.9756547956787,4.77780422724749e-09,1.15051989498854,998.13194400632,17
0.53051649423006,8.73935361969427,0.359354744167941,0.57135447322495,12,0.500000005423066,-67.0622753980844,0.439818655755679,2.39490394299738,716.519096005731,17
0.678102763903646,-141.578416991681,0.173003417080185,0.333351458079667,13,0.500000000553778,-67.0622706793549,0.224570789677413,4.69038566466922,716.519094405622,17
0.627245815133218,137.019808580668,0.069588407045021,1.23806651307767,14,0.500032710720267,137.236447641142,9.14681110918676e-06,0.000396998670364745,998.131944005273,17
0.678890275653753,-155.380804612819,0.10048162151475,1.13319344834658,15,0.500000000173276,-67.0622716880791,0.351339633158478,2.99802054143709,716.519094085624,17
0.947040862552467,145.404325466554,0.460724070044041,0.0437300170065576,16,0.500872972045095,145.686604484788,0.00026314254548961,0.000301897426878297,998.132020950828,17
0.719263037902516,36.6352028207896,0.390129863404525,0.419503064327116,17,0.500000000387302,36.9309687057921,4.08316656893484e-10,0.335291805958217,998.131940046312,17
0.79632696671474,-97.0334862429391,0.140917780405412,1.25023245451583,18,0.500000004655843,-67.0622739176512,0.373867127038023,2.81737421061619,716.519096025672,17
0.711336197818564,-99.5235637466533,0.198712053497985,0.584498535902623,19,0.500000001052161,-67.0622559414966,0.42667893862108,2.46865542578787,716.519094405676,17
0.633674794169367,61.7907115288417,0.000355429766034032,0.20673023053508,20,0.500000006012333,-67.0622483386932,0.487681123157109,2.15986071941582,716.519096005519,17
0.539467380243055,-87.2933957489306,0.48279844267373,1.30847617844602,1,0.500000000204847,-66.3121403773541,0.380915101822381,2.830264980664,707.22609470284,18
0.624055504455234,-54.5782807136128,0.0710722033058978,1.59222877147084,2,0.500000005789689,-66.31212241198,0.430155862053081,2.50627887265032,707.226096625321,18
0.695210411636407,-177.215808274124,0.140448887784257,0.00586346325947178,3,0.500010711601453,-177.000639312843,6.9472121158497e-06,0.000269964237095846,998.131940811375,18
0.590260839841253,-163.160316815845,0.161921428434741,0.56743465259797,4,0.646403522380864,-153.169858106661,0.440660520165917,0.00967218754439614,998.19216086961,18
0.876309950472404,-67.4840572542706,0.431147730569263,0.278205426341306,5,0.500000001235575,-66.3121472031483,0.459561641079964,2.34591103833354,707.226095022838,18
0.947868333572761,-150.084769585456,0.0795588385546645,3.32357271456369,6,0.500000000198142,-66.3121410482722,0.368494568543959,2.92566203972493,707.226094702829,18
0.664053250234297,50.7623256250997,0.404914953258181,1.01865651527214,7,0.500000016360986,50.9208649160155,8.0519723740394e-09,0.885811342269214,998.131944006319,18
0.779411497988434,-131.239698342693,0.451946875442742,0.998835954814916,8,0.500000000217418,-66.3121565922892,0.404246009511023,2.66691586750071,707.226094702918,18
0.796736679775547,-102.536056592112,0.168655607714992,1.16382386403969,9,0.500000004993556,-66.3121426233615,0.371462008341845,2.90229024696227,707.226096622833,18
0.505929845872552,-14.01175272409,0.259802244637937,0.725740511414464,10,0.50000000105812,-66.3121431662984,0.393558621486472,2.73933928234755,707.226095022833,18
0.602865997951692,61.6754131755049,0.0480377366446066,0.0142849556010402,11,0.500014710017402,67.2881544823615,4.7915415112746e-06,0.000199023855725964,998.131940813313,18
0.952470238515847,-58.7752626432374,0.171890841443643,0.771818060914595,12,0.500000001238831,-66.3121504693259,0.460772276034027,2.33974660798069,707.226095022851,18
0.749131046987452,80.3258220739917,0.348737836250019,0.7235989197827,13,0.500000025514617,80.3146909230365,6.88080906200662e-09,0.56801836466274,998.131944006325,18
0.791024072410618,124.169219976052,0.356548408899995,0.80508137576978,14,0.500000021644461,124.205040006998,4.95791791196096e-09,0.669582443647944,998.131944006321,18
0.658906653345664,41.1981888961694,0.386566842242765,0.0829431311070518,15,0.500011991570676,32.870046218494,1.67807600357591e-05,0.000194345391123603,998.131940646829,18
0.697982598184275,102.526068606986,0.402394408658347,0.423918066677141,16,0.500000035906389,102.494969962429,8.2434115871576e-09,0.403624480995083,998.131944006312,18
0.917761975885622,-96.0033789671619,0.0725619753208444,1.0861167016152,17,0.500000005603456,-66.3121298175957,0.416831426933565,2.58639492756158,707.226096622843,18
0.913546046832014,75.9217511568446,0.0670074915870654,0.235053739216038,18,0.500000000821156,75.7952763166448,2.34342536977303e-10,0.176491845640519,998.13194004632,18
0.870602117644938,-158.673667323175,0.484747870621493,1.49532703395449,19,0.500000002543163,-157.32929250246,3.22767026222509e-08,1.13974182382575,998.131940806319,18
0.611217761207844,-101.20899970057,0.430932161377021,0.63671505563486,20,0.500000006221873,-66.3121322651548,0.46280033178645,2.32949321263096,707.226096623005,18
0.531634840772111,-12.5792171178927,0.204741561904862,0.222743351021467,1,0.500000005311448,-65.8163466133918,0.446861159195814,2.44509700654019,701.797756473375,19
0.939112916051717,175.443475826805,0.493015857423952,0.311111662369692,2,0.500000000699358,176.763285065806,3.78588130201425e-10,0.185699253567868,998.131940046319,19
0.508487516065434,81.8840221541838,0.448540656138196,1.05060890210018,3,0.500000000662131,81.8066253318013,1.9549719127468e-10,0.980423578813127,998.131940206289,19
0.94499535643585,161.66121851414,0.111782102589145,0.579585942559908,4,0.500000027018425,162.143339104832,1.00581696638884e-08,0.480672116914222,998.131944006318,19
0.975167026084819,68.3828029113702,0.445433021482932,3.05583125080552,5,0.500000515044261,68.2469841973844,1.83667641098592e-07,2.53468468068832,998.132341056751,19
0.538238338133738,-66.3262133253412,0.297205338993542,0.00487880228328836,6,0.500000001172727,-65.8163664831512,0.493130968330896,2.21567394739883,701.797754874013,19
0.627412724580102,162.827558321357,0.102305527545266,0.0166602453516547,7,0.500014214929582,158.583454760009,4.95684250013963e-06,0.000181323728708015,998.131940799954,19
0.828448418511901,-40.2931133696341,0.441083843233846,1.77492039139958,8,0.500000004895187,-65.8163306841119,0.411840361734822,2.65301555258606,701.797756473402,19
0.637435055150175,86.4676946995368,0.104516817248383,0.171454361166569,9,0.500007935755398,86.4032071111306,2.2356986960195e-06,0.000327393688321708,998.131940806481,19
0.932531219833328,-29.1552625365179,0.00544491941946956,0.629153837649135,10,0.500000000193963,-65.8163401755413,0.407961236168649,2.67824181983039,701.797754553383,19
0.543612109289357,2.73386702904975,0.49211021009809,2.74394051232482,11,0.500000004411258,-65.8163431637938,0.371126704876369,2.9440587513438,701.797756473381,19
0.51379278371483,-17.4859683938661,0.305801780023896,1.54795405529778,12,0.500000005607636,-65.816343465359,0.471768560716173,2.31600644908376,701.797756473418,19
0.690614754297236,66.7885720974442,0.267255515910509,1.77712042519202,13,0.500009465448704,64.4811689515165,3.65654145746478e-06,0.000274817346301205,998.131940808404,19
0.957279675640891,-76.8879021427359,0.0166770032659589,0.0341649545034173,14,0.500000001056745,-65.8163393145621,0.444528793661088,2.45792630559357,701.797754873377,19
0.791906931119091,76.9779349748037,0.493678284669488,0.0356281123584407,15,0.500000000916313,-65.8164333049683,0.385481448586469,2.83442356012234,701.797754874438,19
0.524893691837872,80.8240244698687,0.0574102562083262,0.103585971692858,16,0.506159759756345,80.7588172317703,0.00186963992281709,0.000203467178540486,998.132329151104,19
0.912618980532467,169.641959976755,0.476535846829501,1.55003811287856,17,0.500000965793587,169.869354518494,4.09146501420599e-07,1.40365291681151,998.132348772571,19
0.521729662024088,-99.5404338539565,0.315990474044422,2.48423742367587,18,0.500000002798976,-65.8163424883214,0.235476802977265,4.64002810738542,701.797756473421,19
0.588819355206367,-41.8000198719801,0.299557066912958,0.659251034294546,19,0.500000000050314,-65.8163427452017,0.423223043433205,2.58166261664802,701.797754493375,19
0.944324560493163,87.3634655512682,0.347037378515482,0.0430987945181598,20,0.500007878889054,29.945291275848,2.00131512357699e-05,0.000262858792409077,998.13194065153,19
0.679426743069754,-36.460744192198,0.316461139347319,1.16172430288973,1,0.500000000927923,-64.3864836504133,0.40237576916875,2.47741399375989,737.857297256307,20
0.816915539052126,125.980469356484,0.0105588547330359,0.404462797651967,2,0.500000002081112,125.986535582296,6.31152940443994e-10,0.276262144965318,998.131940206386,20
0.90885655622036,-83.9127238412924,0.00561185105715933,0.181523939383153,3,0.500000001100857,-64.3864701064083,0.477361280292599,2.08825347566,737.85729725631,20
0.631552859452011,136.992124878212,0.135582717727162,0.217048871384985,4,0.500012471391328,129.727352893518,3.86742283336836e-06,0.000185055843444302,998.131940812692,20
0.669650343496092,-139.669364638313,0.237475824791621,0.14510204836157,5,0.500000000682745,-64.3864751847579,0.296056303772897,3.36710027309385,737.857297256307,20
0.756333545951123,-97.2783735131414,0.0464924592145565,0.39658865611339,6,0.500000000762215,-64.3864708064559,0.330515899430239,3.01604601000933,737.857297256317,20
0.707068137338748,-155.660051572406,0.207445198419136,0.196541278857376,7,0.500000004063351,-64.3864706032929,0.352398519335345,2.82876104066833,737.857298856309,20
0.605574096095597,151.76018858571,0.420396212564077,1.42841405789538,8,0.500000008648166,151.994086493361,3.20499976381634e-09,1.32910429963567,998.131944006462,20
0.856206672578882,116.252892840256,0.0294849034239766,0.885523357036256,9,0.500000091788627,116.254008563383,2.73868483798436e-08,0.626124020730462,998.13196000629,20
0.888271383046318,-9.40809705967914,0.0883148980258311,1.34011178063015,10,0.500000001136733,-64.3864876936012,0.492211728660498,2.02524871968036,737.857297256892,20
0.990174550969112,-61.787384557571,0.0069074143093722,0.177384175375881,11,0.500000001034846,-64.3864697872727,0.448738434730456,2.22145239986532,737.857297256323,20
0.956853130898048,-67.308306485552,0.302120754855041,0.671736826483233,12,0.500000091942474,-64.3863269332623,0.39875295579304,2.49992182884305,737.857336852071,20
0.997988673762225,-73.9683931463311,0.29562128096968,1.24409111380382,13,0.500000000175043,-64.3864756249861,0.379522495717768,2.6265939683819,737.857296936307,20
0.659884690193508,159.571611347986,0.43798861396307,0.894881940289371,14,0.500000000129845,159.748595086015,5.39970429031935e-11,0.88522054506603,998.131940046328,20
0.7255507544931,-80.0332815259912,0.0998216505947015,2.87281777330025,15,0.500000005366263,-64.3864673398436,0.465395038615708,2.14194664398711,737.857298856312,20
0.976066842765796,129.951577951019,0.32985913680013,2.34202874321318,16,0.500000026302715,130.352194293314,2.3322642151712e-09,1.60597931503504,998.131949468938,20
0.829659916912889,-19.1445084413774,0.00555057941867731,0.13024149259484,17,0.500000017091595,-64.3864832900337,0.370557701841704,2.690137846703,737.857304856608,20
0.714550819433297,76.8165407157437,0.257440547285741,1.22736722663072,18,0.500028530061964,77.0108057711692,1.08926401148637e-05,0.000403269960327761,998.131944010312,20
0.507004672693476,-153.924412738866,0.356300827842969,0.920365109496143,19,0.500000000184059,-64.3864533230875,0.399085880049747,2.49783617725782,737.857296936359,20
0.869850817813083,160.653273145747,0.321786206630016,0.308810329799908,20,0.500000043594105,160.791737895575,1.84123005671555e-08,0.264476696531951,998.131944014406,20
